MICE_ID_RAR_GROUPED,MICE_ID_RAR_INDIVIDUAL,ID_MICE,RACK,LOCATION,COHORT,DATE_OF_BIRTH,SEX,DIET,AGE_OLD_WEEKS,WEEK_WITH_FAT_DIET,FOOD_WEIGHT_START_G,FOOD_WEIGHT_END_G,DAILY_FOOD_INTAKE_G,DAILY_FOOD_INTAKE_KCAL,BODY_WEIGHT_G,DATE,AIM,COMMENTS,FAT,LEAN,FREE_WATER,TOTAL_WATER,NEW_FOOD_END_SESSION_G,RESEARCH_DIET_FORMULA,LOT_FOOD,COMMENT_TWO,COMMENT_THREE,DATE_EUTHANASIA
2421352002,B00002444017,4017,6A,L4,1,2/6/24,M,HFD,8.3,0.3,27.93,20.64,3.6,17.2,24.46,4/3/24,CLARITY,NA,NA,NA,NA,NA,NA,D12451i,24030401/2.5kgi,,,8/30/24
2421352002,B00002444018,4018,6A,M4,1,2/6/24,M,HFD,8.3,0.3,26.56,20.53,3,14.3,22.35,4/3/24,CLARITY,NA,NA,NA,NA,NA,NA,D12451i,24030401/2.5kgi,,,8/30/24
2421352001,B00002444019,4019,6A,N4,1,2/6/24,M,HFD,8.3,0.3,28.51,20.84,3.8,18.1,24.28,4/3/24,CLARITY,NA,NA,NA,NA,NA,NA,D12451i,24030401/2.5kgi,,,8/30/24
2421352001,B00002444020,4020,6A,H5,1,2/6/24,M,LFD,8.3,0.3,29.09,26.17,1.5,5.6,21.82,4/3/24,CLARITY,NA,NA,NA,NA,NA,NA,D12450Hi,24030810/2.5kgi ,,,8/30/24
2421352001,B00002444021,4021,6A,I5,1,2/6/24,M,LFD,8.3,0.3,28.38,27.1,0.6,2.4,23.78,4/3/24,CLARITY,NA,NA,NA,NA,NA,NA,D12450Hi,24030810/2.5kgi ,,,8/30/24
2421352001,B00002444022,4022,6A,J5,1,2/6/24,M,LFD,8.3,0.3,25.58,21.25,2.2,8.3,24.21,4/3/24,CLARITY,NA,NA,NA,NA,NA,NA,D12450Hi,24030810/2.5kgi ,,,8/30/24
2421352002,B00002444017,4017,6A,L4,1,2/6/24,M,HFD,8.5,0.5,20.64,17.04,1.8,8.5,NA,4/5/24,CLARITY,FOOD_REPLACEMENT,NA,NA,NA,NA,20.99,D12451i,24030401/2.5kgi,,,8/30/24
2421352002,B00002444018,4018,6A,M4,1,2/6/24,M,HFD,8.5,0.5,20.53,15.85,2.3,11.1,NA,4/5/24,CLARITY,FOOD_REPLACEMENT,NA,NA,NA,NA,20.54,D12451i,24030401/2.5kgi,,,8/30/24
2421352001,B00002444019,4019,6A,N4,1,2/6/24,M,HFD,8.5,0.5,20.84,15.52,2.7,12.6,NA,4/5/24,CLARITY,FOOD_REPLACEMENT,NA,NA,NA,NA,19.76,D12451i,24030401/2.5kgi,,,8/30/24
2421352001,B00002444020,4020,6A,H5,1,2/6/24,M,LFD,8.5,0.5,26.17,21.54,2.3,8.8,NA,4/5/24,CLARITY,FOOD_REPLACEMENT,NA,NA,NA,NA,19.7,D12450Hi,24030810/2.5kgi ,,,8/30/24
2421352001,B00002444021,4021,6A,I5,1,2/6/24,M,LFD,8.5,0.5,27.1,20.72,3.2,12.2,NA,4/5/24,CLARITY,FOOD_REPLACEMENT,NA,NA,NA,NA,23.67,D12450Hi,24030810/2.5kgi ,,,8/30/24
2421352001,B00002444022,4022,6A,J5,1,2/6/24,M,LFD,8.5,0.5,21.25,14.59,3.3,12.7,NA,4/5/24,CLARITY,FOOD_REPLACEMENT,NA,NA,NA,NA,26.7,D12450Hi,24030810/2.5kgi ,,,8/30/24
2421352002,B00002444017,4017,6A,L4,1,2/6/24,M,HFD,9,1,20.99,13.25,2.6,12.2,NA,4/8/24,CLARITY,FOOD_REPLACEMENT,NA,NA,NA,NA,32.92,D12451i,24030401/2.5kgi,,,8/30/24
2421352002,B00002444018,4018,6A,M4,1,2/6/24,M,HFD,9,1,20.54,14.06,2.2,10.2,NA,4/8/24,CLARITY,FOOD_REPLACEMENT,NA,NA,NA,NA,30.14,D12451i,24030401/2.5kgi,,,8/30/24
2421352001,B00002444019,4019,6A,N4,1,2/6/24,M,HFD,9,1,19.76,12.58,2.4,11.3,NA,4/8/24,CLARITY,FOOD_REPLACEMENT,NA,NA,NA,NA,30.27,D12451i,24030401/2.5kgi,,,8/30/24
2421352001,B00002444020,4020,6A,H5,1,2/6/24,M,LFD,9,1,19.7,11.54,2.7,10.4,NA,4/8/24,CLARITY,FOOD_REPLACEMENT,NA,NA,NA,NA,31.77,D12450Hi,24030810/2.5kgi ,,,8/30/24
2421352001,B00002444021,4021,6A,I5,1,2/6/24,M,LFD,9,1,23.67,14.12,3.2,12.2,NA,4/8/24,CLARITY,FOOD_REPLACEMENT,NA,NA,NA,NA,30.45,D12450Hi,24030810/2.5kgi ,,,8/30/24
2421352001,B00002444022,4022,6A,J5,1,2/6/24,M,LFD,9,1,26.7,17.3,3.1,12,NA,4/8/24,CLARITY,FOOD_REPLACEMENT,NA,NA,NA,NA,31.98,D12450Hi,24030810/2.5kgi ,,,8/30/24
2421352002,B00002444017,4017,6A,L4,1,2/6/24,M,HFD,9.3,1.3,32.92,27.57,2.7,12.7,24.1,4/10/24,CLARITY,NA,NA,NA,NA,NA,NA,D12451i,24030401/2.5kgi,,,8/30/24
2421352002,B00002444018,4018,6A,M4,1,2/6/24,M,HFD,9.3,1.3,30.14,25.28,2.4,11.5,23.41,4/10/24,CLARITY,NA,NA,NA,NA,NA,NA,D12451i,24030401/2.5kgi,,,8/30/24
2421352001,B00002444019,4019,6A,N4,1,2/6/24,M,HFD,9.3,1.3,30.27,23.83,3.2,15.2,25.33,4/10/24,CLARITY,NA,NA,NA,NA,NA,NA,D12451i,24030401/2.5kgi,,,8/30/24
2421352001,B00002444020,4020,6A,H5,1,2/6/24,M,LFD,9.3,1.3,31.77,26.5,2.6,10.1,22.14,4/10/24,CLARITY,NA,NA,NA,NA,NA,NA,D12450Hi,24030810/2.5kgi ,,,8/30/24
2421352001,B00002444021,4021,6A,I5,1,2/6/24,M,LFD,9.3,1.3,30.45,24.15,3.2,12,23.66,4/10/24,CLARITY,NA,NA,NA,NA,NA,NA,D12450Hi,24030810/2.5kgi ,,,8/30/24
2421352001,B00002444022,4022,6A,J5,1,2/6/24,M,LFD,9.3,1.3,31.98,26.49,2.7,10.5,24.5,4/10/24,CLARITY,NA,NA,NA,NA,NA,NA,D12450Hi,24030810/2.5kgi ,,,8/30/24
2421352002,B00002444017,4017,6A,L4,1,2/6/24,M,HFD,9.5,1.5,27.57,22.29,2.6,12.5,NA,4/12/24,CLARITY,FOOD_REPLACEMENT,NA,NA,NA,NA,24.66,D12451i,24030401/2.5kgi,,,8/30/24
2421352002,B00002444018,4018,6A,M4,1,2/6/24,M,HFD,9.5,1.5,25.28,20.96,2.2,10.2,NA,4/12/24,CLARITY,FOOD_REPLACEMENT,NA,NA,NA,NA,32.09,D12451i,24030401/2.5kgi,,,8/30/24
2421352001,B00002444019,4019,6A,N4,1,2/6/24,M,HFD,9.5,1.5,23.83,18.18,2.8,13.4,NA,4/12/24,CLARITY,FOOD_REPLACEMENT,NA,NA,NA,NA,27.48,D12451i,24030401/2.5kgi,,,8/30/24
2421352001,B00002444020,4020,6A,H5,1,2/6/24,M,LFD,9.5,1.5,26.5,21.3,2.6,9.9,NA,4/12/24,CLARITY,FOOD_REPLACEMENT,NA,NA,NA,NA,26.55,D12450Hi,24030810/2.5kgi ,,,8/30/24
2421352001,B00002444021,4021,6A,I5,1,2/6/24,M,LFD,9.5,1.5,24.15,17.42,3.4,12.9,NA,4/12/24,CLARITY,FOOD_REPLACEMENT,NA,NA,NA,NA,24.4,D12450Hi,24030810/2.5kgi ,,,8/30/24
2421352001,B00002444022,4022,6A,J5,1,2/6/24,M,LFD,9.5,1.5,26.49,19.81,3.3,12.8,NA,4/12/24,CLARITY,FOOD_REPLACEMENT,NA,NA,NA,NA,28.6,D12450Hi,24030810/2.5kgi ,,,8/30/24
2421352002,B00002444017,4017,6A,L4,1,2/6/24,M,HFD,10,2,24.66,16.91,2.6,12.2,NA,4/15/24,CLARITY,FOOD_REPLACEMENT_AND_CAGE_REPLACEMENT,NA,NA,NA,NA,21.17,D12451i,24030401/2.5kgi,,,8/30/24
2421352002,B00002444018,4018,6A,M4,1,2/6/24,M,HFD,10,2,32.09,25.8,2.1,9.9,NA,4/15/24,CLARITY,FOOD_REPLACEMENT_AND_CAGE_REPLACEMENT,NA,NA,NA,NA,24.72,D12451i,24030401/2.5kgi,,,8/30/24
2421352001,B00002444019,4019,6A,N4,1,2/6/24,M,HFD,10,2,27.48,19.68,2.6,12.3,NA,4/15/24,CLARITY,FOOD_REPLACEMENT_AND_CAGE_REPLACEMENT,NA,NA,NA,NA,25.94,D12451i,24030401/2.5kgi,,,8/30/24
2421352001,B00002444020,4020,6A,H5,1,2/6/24,M,LFD,10,2,26.55,18.84,2.6,9.8,NA,4/15/24,CLARITY,FOOD_REPLACEMENT_AND_CAGE_REPLACEMENT,NA,NA,NA,NA,30.69,D12450Hi,24030810/2.5kgi ,,,8/30/24
2421352001,B00002444021,4021,6A,I5,1,2/6/24,M,LFD,10,2,24.4,15.36,3,11.5,NA,4/15/24,CLARITY,FOOD_REPLACEMENT_AND_CAGE_REPLACEMENT,NA,NA,NA,NA,24.89,D12450Hi,24030810/2.5kgi ,,,8/30/24
2421352001,B00002444022,4022,6A,J5,1,2/6/24,M,LFD,10,2,28.6,20.94,2.6,9.8,NA,4/15/24,CLARITY,FOOD_REPLACEMENT_AND_CAGE_REPLACEMENT,NA,NA,NA,NA,27.19,D12450Hi,24030810/2.5kgi ,,,8/30/24
2421352002,B00002444017,4017,6A,L4,1,2/6/24,M,HFD,10.3,2.3,21.17,15.67,2.8,13,25.2,4/17/24,CLARITY,NA,NA,NA,NA,NA,NA,D12451i,24030401/2.5kgi,,,8/30/24
2421352002,B00002444018,4018,6A,M4,1,2/6/24,M,HFD,10.3,2.3,24.72,19.68,2.5,11.9,24.05,4/17/24,CLARITY,NA,NA,NA,NA,NA,NA,D12451i,24030401/2.5kgi,,,8/30/24
2421352001,B00002444019,4019,6A,N4,1,2/6/24,M,HFD,10.3,2.3,25.94,20.8,2.6,12.2,25.62,4/17/24,CLARITY,NA,NA,NA,NA,NA,NA,D12451i,24030401/2.5kgi,,,8/30/24
2421352001,B00002444020,4020,6A,H5,1,2/6/24,M,LFD,10.3,2.3,30.69,27.28,1.7,6.5,22.4,4/17/24,CLARITY,NA,NA,NA,NA,NA,NA,D12450Hi,24030810/2.5kgi ,,,8/30/24
2421352001,B00002444021,4021,6A,I5,1,2/6/24,M,LFD,10.3,2.3,24.89,23.65,0.6,2.4,24.02,4/17/24,CLARITY,NA,NA,NA,NA,NA,NA,D12450Hi,24030810/2.5kgi ,,,8/30/24
2421352001,B00002444022,4022,6A,J5,1,2/6/24,M,LFD,10.3,2.3,27.19,22.91,2.1,8.2,24.77,4/17/24,CLARITY,NA,NA,NA,NA,NA,NA,D12450Hi,24030810/2.5kgi ,,,8/30/24
2421352002,B00002444017,4017,6A,L4,1,2/6/24,M,HFD,10.5,2.5,15.67,10.95,2.4,11.2,NA,4/19/24,CLARITY,FOOD_REPLACEMENT,NA,NA,NA,NA,23.35,D12451i,24030401i,,,8/30/24
2421352002,B00002444018,4018,6A,M4,1,2/6/24,M,HFD,10.5,2.5,19.68,15.49,2.1,9.9,NA,4/19/24,CLARITY,FOOD_REPLACEMENT,NA,NA,NA,NA,23.88,D12451i,24030401i,,,8/30/24
2421352001,B00002444019,4019,6A,N4,1,2/6/24,M,HFD,10.5,2.5,20.8,16.08,2.4,11.2,NA,4/19/24,CLARITY,FOOD_REPLACEMENT,NA,NA,NA,NA,23.37,D12451i,24030401i,,,8/30/24
2421352001,B00002444020,4020,6A,H5,1,2/6/24,M,LFD,10.5,2.5,27.28,21.74,2.8,10.6,NA,4/19/24,CLARITY,FOOD_REPLACEMENT,NA,NA,NA,NA,22.55,D12450Hi,24030810/2.5kgi ,,,8/30/24
2421352001,B00002444021,4021,6A,I5,1,2/6/24,M,LFD,10.5,2.5,23.65,19.16,2.2,8.6,NA,4/19/24,CLARITY,FOOD_REPLACEMENT,NA,NA,NA,NA,22.7,D12450Hi,24030810/2.5kgi ,,,8/30/24
2421352001,B00002444022,4022,6A,J5,1,2/6/24,M,LFD,10.5,2.5,22.91,17.57,2.7,10.2,NA,4/19/24,CLARITY,FOOD_REPLACEMENT,NA,NA,NA,NA,24.94,D12450Hi,24030810/2.5kgi ,,,8/30/24
2421352002,B00002444017,4017,6A,L4,1,2/6/24,M,HFD,11,3,23.35,15.25,2.7,12.8,NA,4/22/24,CLARITY,FOOD_REPLACEMENT,NA,NA,NA,NA,24.22,D12451i,24030401i,,,8/30/24
2421352002,B00002444018,4018,6A,M4,1,2/6/24,M,HFD,11,3,23.88,16.56,2.4,11.5,NA,4/22/24,CLARITY,FOOD_REPLACEMENT,NA,NA,NA,NA,24.23,D12451i,24030401i,,,8/30/24
2421352001,B00002444019,4019,6A,N4,1,2/6/24,M,HFD,11,3,23.37,14.91,2.8,13.3,NA,4/22/24,CLARITY,FOOD_REPLACEMENT,NA,NA,NA,NA,24.9,D12451i,24030401i,,,8/30/24
2421352001,B00002444020,4020,6A,H5,1,2/6/24,M,LFD,11,3,22.55,14.9,2.6,9.7,NA,4/22/24,CLARITY,FOOD_REPLACEMENT,NA,NA,NA,NA,23.66,D12450Hi,24030810/2.5kgi ,,,8/30/24
2421352001,B00002444021,4021,6A,I5,1,2/6/24,M,LFD,11,3,22.7,13.85,3,11.3,NA,4/22/24,CLARITY,FOOD_REPLACEMENT,NA,NA,NA,NA,26.17,D12450Hi,24030810/2.5kgi ,,,8/30/24
2421352001,B00002444022,4022,6A,J5,1,2/6/24,M,LFD,11,3,24.94,17.07,2.6,10,NA,4/22/24,CLARITY,FOOD_REPLACEMENT,NA,NA,NA,NA,25.85,D12450Hi,24030810/2.5kgi ,,,8/30/24
2427321001,B00002447858,7858,6A,M5,1,2/27/24,M,HFD,8,0,0,0,0,0,23,4/22/24,CLARITY,GROUPED_CARD,NA,NA,NA,NA,24.71,D12451i,24030401i,OXA_ANTIBODY_TITRATION,,8/30/24
2427321001,B00002447859,7859,6A,M6,1,2/27/24,M,LFD,8,0,0,0,0,0,24.8,4/22/24,CLARITY,FOOD_REPLACEMENT,NA,NA,NA,NA,24.85,D12450Hi,24030810/2.5kgi ,OXA_ANTIBODY_TITRATION,,8/30/24
2421352002,B00002444017,4017,6A,L4,1,2/6/24,M,HFD,11.3,3.3,24.22,18.58,2.8,13.3,27.15,4/24/24,CLARITY,NA,NA,NA,NA,NA,NA,D12451i,24030401i,,,8/30/24
2421352002,B00002444018,4018,6A,M4,1,2/6/24,M,HFD,11.3,3.3,24.23,19.2,2.5,11.9,24.65,4/24/24,CLARITY,NA,NA,NA,NA,NA,NA,D12451i,24030401i,,,8/30/24
2421352001,B00002444019,4019,6A,N4,1,2/6/24,M,HFD,11.3,3.3,24.9,19.06,2.9,13.8,27.53,4/24/24,CLARITY,NA,NA,NA,NA,NA,NA,D12451i,24030401i,,,8/30/24
2421352001,B00002444020,4020,6A,H5,1,2/6/24,M,LFD,11.3,3.3,23.66,18.89,2.4,9.1,22.54,4/24/24,CLARITY,NA,NA,NA,NA,NA,NA,D12450Hi,24030810/2.5kgi ,,,8/30/24
2421352001,B00002444021,4021,6A,I5,1,2/6/24,M,LFD,11.3,3.3,26.17,21.46,2.4,9,23.51,4/24/24,CLARITY,NA,NA,NA,NA,NA,NA,D12450Hi,24030810/2.5kgi ,,,8/30/24
2421352001,B00002444022,4022,6A,J5,1,2/6/24,M,LFD,11.3,3.3,25.85,20.41,2.7,10.4,25.28,4/24/24,CLARITY,NA,NA,NA,NA,NA,NA,D12450Hi,24030810/2.5kgi ,,,8/30/24
2427321001,B00002447858,7858,6A,M5,1,2/27/24,M,HFD,8.3,0.3,24.71,18.63,3,14.4,23.5,4/24/24,CLARITY,NA,NA,NA,NA,NA,NA,D12451i,24030401i,OXA_ANTIBODY_TITRATION,,8/30/24
2427321001,B00002447859,7859,6A,M6,1,2/27/24,M,LFD,8.3,0.3,24.85,20.96,1.9,7.4,22.4,4/24/24,CLARITY,NA,NA,NA,NA,NA,NA,D12450Hi,24030810/2.5kgi ,OXA_ANTIBODY_TITRATION,,8/30/24
2421352002,B00002444017,4017,6A,L4,1,2/6/24,M,HFD,11.5,3.5,18.58,13.97,2.3,10.9,NA,4/26/24,CLARITY,FOOD_REPLACEMENT,NA,NA,NA,NA,21.06,D12451i,24030401i,,,8/30/24
2421352002,B00002444018,4018,6A,M4,1,2/6/24,M,HFD,11.5,3.5,19.2,15.46,1.9,8.8,NA,4/26/24,CLARITY,FOOD_REPLACEMENT,NA,NA,NA,NA,22.66,D12451i,24030401i,,,8/30/24
2421352001,B00002444019,4019,6A,N4,1,2/6/24,M,HFD,11.5,3.5,19.06,14.67,2.2,10.4,NA,4/26/24,CLARITY,FOOD_REPLACEMENT,NA,NA,NA,NA,21,D12451i,24030401i,,,8/30/24
2421352001,B00002444020,4020,6A,H5,1,2/6/24,M,LFD,11.5,3.5,18.89,12.83,3,11.6,NA,4/26/24,CLARITY,FOOD_REPLACEMENT,NA,NA,NA,NA,21.7,D12450Hi,24030810/2.5kgi ,,,8/30/24
2421352001,B00002444021,4021,6A,I5,1,2/6/24,M,LFD,11.5,3.5,21.46,14.58,3.4,13.1,NA,4/26/24,CLARITY,FOOD_REPLACEMENT,NA,NA,NA,NA,22.74,D12450Hi,24030810/2.5kgi ,,,8/30/24
2421352001,B00002444022,4022,6A,J5,1,2/6/24,M,LFD,11.5,3.5,20.41,14.89,2.8,10.5,NA,4/26/24,CLARITY,FOOD_REPLACEMENT,NA,NA,NA,NA,22.12,D12450Hi,24030810/2.5kgi ,,,8/30/24
2427321001,B00002447858,7858,6A,M5,1,2/27/24,M,HFD,8.5,0.5,18.63,15.32,1.7,7.8,NA,4/26/24,CLARITY,FOOD_REPLACEMENT,NA,NA,NA,NA,20.64,D12451i,24030401i,OXA_ANTIBODY_TITRATION,,8/30/24
2427321001,B00002447859,7859,6A,M6,1,2/27/24,M,LFD,8.5,0.5,20.96,16.19,2.4,9.1,NA,4/26/24,CLARITY,FOOD_REPLACEMENT,NA,NA,NA,NA,23.96,D12450Hi,24030810/2.5kgi ,OXA_ANTIBODY_TITRATION,,8/30/24
2421352002,B00002444017,4017,6A,L4,1,2/6/24,M,HFD,12,4,21.06,13.22,2.6,12.4,NA,4/29/24,CLARITY,FOOD_REPLACEMENT,NA,NA,NA,NA,30.89,D12451i,24030401i,,,8/30/24
2421352002,B00002444018,4018,6A,M4,1,2/6/24,M,HFD,12,4,22.66,15.88,2.3,10.7,NA,4/29/24,CLARITY,FOOD_REPLACEMENT,NA,NA,NA,NA,30.82,D12451i,24030401i,,,8/30/24
2421352001,B00002444019,4019,6A,N4,1,2/6/24,M,HFD,12,4,21,13.02,2.7,12.6,NA,4/29/24,CLARITY,FOOD_REPLACEMENT,NA,NA,NA,NA,32.17,D12451i,24030401i,,,8/30/24
2421352001,B00002444020,4020,6A,H5,1,2/6/24,M,LFD,12,4,21.7,14.53,2.4,9.1,NA,4/29/24,CLARITY,FOOD_REPLACEMENT,NA,NA,NA,NA,29.48,D12450Hi,24031808i ,,,8/30/24
2421352001,B00002444021,4021,6A,I5,1,2/6/24,M,LFD,12,4,22.74,14.45,2.8,10.6,NA,4/29/24,CLARITY,FOOD_REPLACEMENT,NA,NA,NA,NA,29.66,D12450Hi,24031808i ,,,8/30/24
2421352001,B00002444022,4022,6A,J5,1,2/6/24,M,LFD,12,4,22.12,14.64,2.5,9.5,NA,4/29/24,CLARITY,FOOD_REPLACEMENT,NA,NA,NA,NA,30.87,D12450Hi,24031808i ,,,8/30/24
2427321001,B00002447858,7858,6A,L5,1,2/27/24,M,HFD,9,1,20.64,13.78,2.3,10.8,NA,4/29/24,CLARITY,FOOD_REPLACEMENT,NA,NA,NA,NA,30.12,D12451i,24030401i,OXA_ANTIBODY_TITRATION,,8/30/24
2427321001,B00002447859,7859,6A,K5,1,2/27/24,M,LFD,9,1,23.96,13.99,3.3,12.7,NA,4/29/24,CLARITY,FOOD_REPLACEMENT,NA,NA,NA,NA,30.96,D12450Hi,24031808i ,OXA_ANTIBODY_TITRATION,,8/30/24
2421352002,B00002444017,4017,6A,L4,1,2/6/24,M,HFD,12.3,4.3,30.89,23.95,3.5,16.4,28.96,5/1/24,CLARITY,NA,NA,NA,NA,NA,NA,D12451i,24030401i,,,8/30/24
2421352002,B00002444018,4018,6A,M4,1,2/6/24,M,HFD,12.3,4.3,30.82,24.89,3,14,25.68,5/1/24,CLARITY,NA,NA,NA,NA,NA,NA,D12451i,24030401i,,,8/30/24
2421352001,B00002444019,4019,6A,N4,1,2/6/24,M,HFD,12.3,4.3,32.17,26.55,2.8,13.3,28.43,5/1/24,CLARITY,NA,NA,NA,NA,NA,NA,D12451i,24030401i,,,8/30/24
2421352001,B00002444020,4020,6A,H5,1,2/6/24,M,LFD,12.3,4.3,29.48,24.07,2.7,10.3,23.31,5/1/24,CLARITY,NA,NA,NA,NA,NA,NA,D12450Hi,24031808i ,,,8/30/24
2421352001,B00002444021,4021,6A,I5,1,2/6/24,M,LFD,12.3,4.3,29.66,24.52,2.6,9.8,24.32,5/1/24,CLARITY,NA,NA,NA,NA,NA,NA,D12450Hi,24031808i ,,,8/30/24
2421352001,B00002444022,4022,6A,J5,1,2/6/24,M,LFD,12.3,4.3,30.87,24.9,3,11.4,26.36,5/1/24,CLARITY,NA,NA,NA,NA,NA,NA,D12450Hi,24031808i ,,,8/30/24
2427321001,B00002447858,7858,6A,L5,1,2/27/24,M,HFD,9.3,1.3,30.12,24.51,2.8,13.3,23.72,5/1/24,CLARITY,NA,NA,NA,NA,NA,NA,D12451i,24030401i,OXA_ANTIBODY_TITRATION,,8/30/24
2427321001,B00002447859,7859,6A,K5,1,2/27/24,M,LFD,9.3,1.3,30.96,24.07,3.4,13.2,23.41,5/1/24,CLARITY,NA,NA,NA,NA,NA,NA,D12450Hi,24031808i ,OXA_ANTIBODY_TITRATION,,8/30/24
2421352002,B00002444017,4017,6A,L4,1,2/6/24,M,HFD,12.5,4.5,23.95,19.85,2.1,9.7,NA,5/3/24,CLARITY,FOOD_REPLACEMENT,NA,NA,NA,NA,27.75,D12451i,24030401i,,,8/30/24
2421352002,B00002444018,4018,6A,M4,1,2/6/24,M,HFD,12.5,4.5,24.89,21.23,1.8,8.7,NA,5/3/24,CLARITY,FOOD_REPLACEMENT,NA,NA,NA,NA,29.21,D12451i,24030401i,,,8/30/24
2421352001,B00002444019,4019,6A,N4,1,2/6/24,M,HFD,12.5,4.5,26.55,22.08,2.2,10.6,NA,5/3/24,CLARITY,FOOD_REPLACEMENT,NA,NA,NA,NA,29.5,D12451i,24030401i,,,8/30/24
2421352001,B00002444020,4020,6A,H5,1,2/6/24,M,LFD,12.5,4.5,24.07,19.02,2.5,9.6,NA,5/3/24,CLARITY,FOOD_REPLACEMENT,NA,NA,NA,NA,30.43,D12450Hi,24031808i ,,,8/30/24
2421352001,B00002444021,4021,6A,I5,1,2/6/24,M,LFD,12.5,4.5,24.52,18.68,2.9,11.2,NA,5/3/24,CLARITY,FOOD_REPLACEMENT,NA,NA,NA,NA,30.45,D12450Hi,24031808i ,,,8/30/24
2421352001,B00002444022,4022,6A,J5,1,2/6/24,M,LFD,12.5,4.5,24.9,19.74,2.6,9.9,NA,5/3/24,CLARITY,FOOD_REPLACEMENT,NA,NA,NA,NA,31.37,D12450Hi,24031808i ,,,8/30/24
2427321001,B00002447858,7858,6A,L5,1,2/27/24,M,HFD,9.5,1.5,24.51,20.12,2.2,10.4,NA,5/3/24,CLARITY,FOOD_REPLACEMENT,NA,NA,NA,NA,28.71,D12451i,24030401i,OXA_ANTIBODY_TITRATION,,8/30/24
2427321001,B00002447859,7859,6A,K5,1,2/27/24,M,LFD,9.5,1.5,24.07,17.14,3.5,13.2,NA,5/3/24,CLARITY,FOOD_REPLACEMENT,NA,NA,NA,NA,29.15,D12450Hi,24031808i ,OXA_ANTIBODY_TITRATION,,8/30/24
2421352002,B00002444017,4017,6A,L4,1,2/6/24,M,HFD,13,5,27.75,18.82,3,14.1,NA,5/6/24,CLARITY,FOOD_REPLACEMENT,NA,NA,NA,NA,29.06,D12451i,24030401i,,,8/30/24
2421352002,B00002444018,4018,6A,M4,1,2/6/24,M,HFD,13,5,29.21,21.37,2.6,12.4,NA,5/6/24,CLARITY,FOOD_REPLACEMENT,NA,NA,NA,NA,29.22,D12451i,24030401i,,,8/30/24
2421352001,B00002444019,4019,6A,N4,1,2/6/24,M,HFD,13,5,29.5,21.97,2.5,11.9,NA,5/6/24,CLARITY,FOOD_REPLACEMENT,NA,NA,NA,NA,31.47,D12451i,24030401i,,,8/30/24
2421352001,B00002444020,4020,6A,H5,1,2/6/24,M,LFD,13,5,30.43,22.6,2.6,10,NA,5/6/24,CLARITY,FOOD_REPLACEMENT,NA,NA,NA,NA,30.87,D12450Hi,24031808i ,,,8/30/24
2421352001,B00002444021,4021,6A,I5,1,2/6/24,M,LFD,13,5,30.45,22.98,2.5,9.5,NA,5/6/24,CLARITY,FOOD_REPLACEMENT,NA,NA,NA,NA,29.67,D12450Hi,24031808i ,,,8/30/24
2421352001,B00002444022,4022,6A,J5,1,2/6/24,M,LFD,13,5,31.37,23.52,2.6,10,NA,5/6/24,CLARITY,FOOD_REPLACEMENT,NA,NA,NA,NA,29.8,D12450Hi,24031808i ,,,8/30/24
2427321001,B00002447858,7858,6A,L5,1,2/27/24,M,HFD,10,2,28.71,21.64,2.4,11.1,NA,5/6/24,CLARITY,FOOD_REPLACEMENT,NA,NA,NA,NA,29.39,D12451i,24030401i,OXA_ANTIBODY_TITRATION,,8/30/24
2427321001,B00002447859,7859,6A,K5,1,2/27/24,M,LFD,10,2,29.15,21.88,2.4,9.3,NA,5/6/24,CLARITY,FOOD_REPLACEMENT,NA,NA,NA,NA,30.8,D12450Hi,24031808i ,OXA_ANTIBODY_TITRATION,,8/30/24
2421352002,B00002444017,4017,6A,L4,1,2/6/24,M,HFD,13.3,5.3,29.06,23.19,2.9,13.9,30.19,5/8/24,CLARITY,CAGE_REPLACEMENT,NA,NA,NA,NA,NA,D12451i,24030401i,,,8/30/24
2421352002,B00002444018,4018,6A,M4,1,2/6/24,M,HFD,13.3,5.3,29.22,23.48,2.9,13.6,26.82,5/8/24,CLARITY,CAGE_REPLACEMENT,NA,NA,NA,NA,NA,D12451i,24030401i,,,8/30/24
2421352001,B00002444019,4019,6A,N4,1,2/6/24,M,HFD,13.3,5.3,31.47,26.54,2.5,11.7,28.67,5/8/24,CLARITY,CAGE_REPLACEMENT,NA,NA,NA,NA,NA,D12451i,24030401i,,,8/30/24
2421352001,B00002444020,4020,6A,H5,1,2/6/24,M,LFD,13.3,5.3,30.87,25.38,2.7,10.5,23.55,5/8/24,CLARITY,CAGE_REPLACEMENT,NA,NA,NA,NA,NA,D12450Hi,24031808i ,,,8/30/24
2421352001,B00002444021,4021,6A,I5,1,2/6/24,M,LFD,13.3,5.3,29.67,24.1,2.8,10.6,25.14,5/8/24,CLARITY,CAGE_REPLACEMENT,NA,NA,NA,NA,NA,D12450Hi,24031808i ,,,8/30/24
2421352001,B00002444022,4022,6A,J5,1,2/6/24,M,LFD,13.3,5.3,29.8,23.96,2.9,11.2,26.96,5/8/24,CLARITY,CAGE_REPLACEMENT,NA,NA,NA,NA,NA,D12450Hi,24031808i ,,,8/30/24
2427321001,B00002447858,7858,6A,L5,1,2/27/24,M,HFD,10.3,2.3,29.39,23.9,2.7,13,24.55,5/8/24,CLARITY,CAGE_REPLACEMENT,NA,NA,NA,NA,NA,D12451i,24030401i,OXA_ANTIBODY_TITRATION,,8/30/24
2427321001,B00002447859,7859,6A,K5,1,2/27/24,M,LFD,10.3,2.3,30.8,25.37,2.7,10.4,23.39,5/8/24,CLARITY,CAGE_REPLACEMENT,NA,NA,NA,NA,NA,D12450Hi,24031808i ,OXA_ANTIBODY_TITRATION,,8/30/24
2421352002,B00002444017,4017,6A,L4,1,2/6/24,M,HFD,13.5,5.5,23.19,21.97,0.6,2.9,NA,5/10/24,CLARITY,FOOD_REPLACEMENT,NA,NA,NA,NA,14.97,D12451i,24030401i,,,8/30/24
2421352002,B00002444018,4018,6A,M4,1,2/6/24,M,HFD,13.5,5.5,23.48,20.53,1.5,7,NA,5/10/24,CLARITY,FOOD_REPLACEMENT,NA,NA,NA,NA,15.08,D12451i,24030401i,,,8/30/24
2421352001,B00002444019,4019,6A,N4,1,2/6/24,M,HFD,13.5,5.5,26.54,22.96,1.8,8.5,NA,5/10/24,CLARITY,FOOD_REPLACEMENT,NA,NA,NA,NA,16.85,D12451i,24030401i,,,8/30/24
2421352001,B00002444020,4020,6A,H5,1,2/6/24,M,LFD,13.5,5.5,25.38,21.48,2,7.4,NA,5/10/24,CLARITY,FOOD_REPLACEMENT,NA,NA,NA,NA,16.05,D12450Hi,24031808i ,,,8/30/24
2421352001,B00002444021,4021,6A,I5,1,2/6/24,M,LFD,13.5,5.5,24.1,21.02,1.5,5.9,NA,5/10/24,CLARITY,FOOD_REPLACEMENT,NA,NA,NA,NA,14.67,D12450Hi,24031808i ,,,8/30/24
2421352001,B00002444022,4022,6A,J5,1,2/6/24,M,LFD,13.5,5.5,23.96,19.81,2.1,7.9,NA,5/10/24,CLARITY,FOOD_REPLACEMENT,NA,NA,NA,NA,14.17,D12450Hi,24031808i ,,,8/30/24
2427321001,B00002447858,7858,6A,L5,1,2/27/24,M,HFD,10.5,2.5,23.9,20.17,1.9,8.8,NA,5/10/24,CLARITY,FOOD_REPLACEMENT,NA,NA,NA,NA,14.61,D12451i,24030401i,OXA_ANTIBODY_TITRATION,,8/30/24
2427321001,B00002447859,7859,6A,K5,1,2/27/24,M,LFD,10.5,2.5,25.37,19.56,2.9,11.1,NA,5/10/24,CLARITY,FOOD_REPLACEMENT,NA,NA,NA,NA,16.22,D12450Hi,24031808i ,OXA_ANTIBODY_TITRATION,,8/30/24
2421352002,B00002444017,4017,6A,L4,1,2/6/24,M,HFD,14,6,14.97,11.91,1,4.8,NA,5/13/24,CLARITY,FOOD_REPLACEMENT,NA,NA,NA,NA,14.88,D12451i,24030401i,,,8/30/24
2421352002,B00002444018,4018,6A,M4,1,2/6/24,M,HFD,14,6,15.08,9,2,9.6,NA,5/13/24,CLARITY,FOOD_REPLACEMENT,NA,NA,NA,NA,15,D12451i,24030401i,,,8/30/24
2421352001,B00002444019,4019,6A,N4,1,2/6/24,M,HFD,14,6,16.85,10.29,2.2,10.3,NA,5/13/24,CLARITY,FOOD_REPLACEMENT,NA,NA,NA,NA,17.59,D12451i,24030401i,,,8/30/24
2421352001,B00002444020,4020,6A,H5,1,2/6/24,M,LFD,14,6,16.05,7.96,2.7,10.3,NA,5/13/24,CLARITY,FOOD_REPLACEMENT,NA,NA,NA,NA,16.86,D12450Hi,24031808i ,,,8/30/24
2421352001,B00002444021,4021,6A,I5,1,2/6/24,M,LFD,14,6,14.67,5.4,3.1,11.8,NA,5/13/24,CLARITY,FOOD_REPLACEMENT,NA,NA,NA,NA,18.99,D12450Hi,24031808i ,,,8/30/24
2421352001,B00002444022,4022,6A,J5,1,2/6/24,M,LFD,14,6,14.17,6.79,2.5,9.4,NA,5/13/24,CLARITY,FOOD_REPLACEMENT,NA,NA,NA,NA,15.89,D12450Hi,24031808i ,,,8/30/24
2427321001,B00002447858,7858,6A,L5,1,2/27/24,M,HFD,11,3,14.61,10.44,1.4,6.6,NA,5/13/24,CLARITY,FOOD_REPLACEMENT,NA,NA,NA,NA,15.78,D12451i,24030401i,OXA_ANTIBODY_TITRATION,,8/30/24
2427321001,B00002447859,7859,6A,K5,1,2/27/24,M,LFD,11,3,16.22,6.19,3.3,12.8,NA,5/13/24,CLARITY,FOOD_REPLACEMENT,NA,NA,NA,NA,19.05,D12450Hi,24031808i ,OXA_ANTIBODY_TITRATION,,8/30/24
2421352002,B00002444017,4017,6A,L4,1,2/6/24,M,HFD,14.3,6.3,14.88,10.7,2.1,9.9,29.04,5/15/24,CLARITY,NA,NA,NA,NA,NA,NA,D12451i,24030401i,,,8/30/24
2421352002,B00002444018,4018,6A,M4,1,2/6/24,M,HFD,14.3,6.3,15,10.8,2.1,9.9,25.98,5/15/24,CLARITY,NA,NA,NA,NA,NA,NA,D12451i,24030401i,,,8/30/24
2421352001,B00002444019,4019,6A,N4,1,2/6/24,M,HFD,14.3,6.3,17.59,12.26,2.7,12.6,29.74,5/15/24,CLARITY,NA,NA,NA,NA,NA,NA,D12451i,24030401i,,,8/30/24
2421352001,B00002444020,4020,6A,H5,1,2/6/24,M,LFD,14.3,6.3,16.86,11.74,2.6,9.8,23.57,5/15/24,CLARITY,NA,NA,NA,NA,NA,NA,D12450Hi,24031808i ,,,8/30/24
2421352001,B00002444021,4021,6A,I5,1,2/6/24,M,LFD,14.3,6.3,18.99,13.55,2.7,10.4,25.4,5/15/24,CLARITY,NA,NA,NA,NA,NA,NA,D12450Hi,24031808i ,,,8/30/24
2421352001,B00002444022,4022,6A,J5,1,2/6/24,M,LFD,14.3,6.3,15.89,10.79,2.6,9.7,25.98,5/15/24,CLARITY,NA,NA,NA,NA,NA,NA,D12450Hi,24031808i ,,,8/30/24
2427321001,B00002447858,7858,6A,L5,1,2/27/24,M,HFD,11.3,3.3,15.78,10.45,2.7,12.6,24.34,5/15/24,CLARITY,NA,NA,NA,NA,NA,NA,D12451i,24030401i,OXA_ANTIBODY_TITRATION,,8/30/24
2427321001,B00002447859,7859,6A,K5,1,2/27/24,M,LFD,11.3,3.3,19.05,13.07,3,11.4,24.65,5/15/24,CLARITY,NA,NA,NA,NA,NA,NA,D12450Hi,24031808i ,OXA_ANTIBODY_TITRATION,,8/30/24
2421352002,B00002444017,4017,6A,L4,1,2/6/24,M,HFD,14.5,6.5,10.7,5.87,2.4,11.4,NA,5/17/24,CLARITY,FOOD_REPLACEMENT,NA,NA,NA,NA,14.87,D12451i,24030401i,,,8/30/24
2421352002,B00002444018,4018,6A,M4,1,2/6/24,M,HFD,14.5,6.5,10.8,7.2,1.8,8.5,NA,5/17/24,CLARITY,FOOD_REPLACEMENT,NA,NA,NA,NA,14.84,D12451i,24030401i,,,8/30/24
2421352001,B00002444019,4019,6A,N4,1,2/6/24,M,HFD,14.5,6.5,12.26,7.74,2.3,10.7,NA,5/17/24,CLARITY,FOOD_REPLACEMENT,NA,NA,NA,NA,16.58,D12451i,24030401i,,,8/30/24
2421352001,B00002444020,4020,6A,H5,1,2/6/24,M,LFD,14.5,6.5,11.74,5.67,3,11.6,NA,5/17/24,CLARITY,FOOD_REPLACEMENT,NA,NA,NA,NA,18.95,D12450Hi,24031808i ,,,8/30/24
2421352001,B00002444021,4021,6A,I5,1,2/6/24,M,LFD,14.5,6.5,13.55,8.16,2.7,10.3,NA,5/17/24,CLARITY,FOOD_REPLACEMENT,NA,NA,NA,NA,15.44,D12450Hi,24031808i ,,,8/30/24
2421352001,B00002444022,4022,6A,J5,1,2/6/24,M,LFD,14.5,6.5,10.79,5.39,2.7,10.3,NA,5/17/24,CLARITY,FOOD_REPLACEMENT,NA,NA,NA,NA,15.93,D12450Hi,24031808i ,,,8/30/24
2427321001,B00002447858,7858,6A,L5,1,2/27/24,M,HFD,11.5,3.5,10.45,6.8,1.8,8.6,NA,5/17/24,CLARITY,FOOD_REPLACEMENT,NA,NA,NA,NA,14.91,D12451i,24030401i,OXA_ANTIBODY_TITRATION,,8/30/24
2427321001,B00002447859,7859,6A,K5,1,2/27/24,M,LFD,11.5,3.5,13.07,5.16,4,15.1,NA,5/17/24,CLARITY,FOOD_REPLACEMENT,NA,NA,NA,NA,20.65,D12450Hi,24031808i ,OXA_ANTIBODY_TITRATION,,8/30/24
2421352002,B00002444017,4017,6A,L4,1,2/6/24,M,HFD,15,7,14.87,8.83,2,9.5,NA,5/20/24,CLARITY,FOOD_REPLACEMENT,NA,NA,NA,NA,14.48,D12451i,24030401i,,,8/30/24
2421352002,B00002444018,4018,6A,M4,1,2/6/24,M,HFD,15,7,14.84,7.33,2.5,11.8,NA,5/20/24,CLARITY,FOOD_REPLACEMENT,NA,NA,NA,NA,14.93,D12451i,24030401i,,,8/30/24
2421352001,B00002444019,4019,6A,N4,1,2/6/24,M,HFD,15,7,16.58,9.22,2.5,11.6,NA,5/20/24,CLARITY,FOOD_REPLACEMENT,NA,NA,NA,NA,16.27,D12451i,24030401i,,,8/30/24
2421352001,B00002444020,4020,6A,H5,1,2/6/24,M,LFD,15,7,18.95,11.71,2.4,9.2,NA,5/20/24,CLARITY,FOOD_REPLACEMENT,NA,NA,NA,NA,15.08,D12450Hi,24031808i ,,,8/30/24
2421352001,B00002444021,4021,6A,I5,1,2/6/24,M,LFD,15,7,15.44,6.52,3,11.4,NA,5/20/24,CLARITY,FOOD_REPLACEMENT,NA,NA,NA,NA,19.4,D12450Hi,24031808i ,,,8/30/24
2421352001,B00002444022,4022,6A,J5,1,2/6/24,M,LFD,15,7,15.93,8.11,2.6,10,NA,5/20/24,CLARITY,FOOD_REPLACEMENT,NA,NA,NA,NA,15.38,D12450Hi,24031808i ,,,8/30/24
2427321001,B00002447858,7858,6A,L5,1,2/27/24,M,HFD,12,4,14.91,8.33,2.2,10.4,NA,5/20/24,CLARITY,FOOD_REPLACEMENT,NA,NA,NA,NA,14.49,D12451i,24030401i,OXA_ANTIBODY_TITRATION,,8/30/24
2427321001,B00002447859,7859,6A,K5,1,2/27/24,M,LFD,12,4,20.65,12.81,2.6,10,NA,5/20/24,CLARITY,FOOD_REPLACEMENT,NA,NA,NA,NA,16.31,D12450Hi,24031808i ,OXA_ANTIBODY_TITRATION,,8/30/24
2421352002,B00002444017,4017,6A,L4,1,2/6/24,M,HFD,15.3,7.3,14.48,10.66,1.9,9,27.83,5/22/24,CLARITY,NA,NA,NA,NA,NA,NA,D12451i,24030401i,,,8/30/24
2421352002,B00002444018,4018,6A,M4,1,2/6/24,M,HFD,15.3,7.3,14.93,10.08,2.4,11.5,26.63,5/22/24,CLARITY,NA,NA,NA,NA,NA,NA,D12451i,24030401i,,,8/30/24
2421352001,B00002444019,4019,6A,N4,1,2/6/24,M,HFD,15.3,7.3,16.27,11.36,2.5,11.6,29.31,5/22/24,CLARITY,NA,NA,NA,NA,NA,NA,D12451i,24030401i,,,8/30/24
2421352001,B00002444020,4020,6A,H5,1,2/6/24,M,LFD,15.3,7.3,15.08,8.95,3.1,11.7,24.61,5/22/24,CLARITY,NA,NA,NA,NA,NA,NA,D12450Hi,24031808i ,,,8/30/24
2421352001,B00002444021,4021,6A,I5,1,2/6/24,M,LFD,15.3,7.3,19.4,15.26,2.1,7.9,25,5/22/24,CLARITY,NA,NA,NA,NA,NA,NA,D12450Hi,24031808i ,,,8/30/24
2421352001,B00002444022,4022,6A,J5,1,2/6/24,M,LFD,15.3,7.3,15.38,9.34,3,11.5,27.02,5/22/24,CLARITY,NA,NA,NA,NA,NA,NA,D12450Hi,24031808i ,,,8/30/24
2427321001,B00002447858,7858,6A,L5,1,2/27/24,M,HFD,12.3,4.3,14.49,9.9,2.3,10.9,25.18,5/22/24,CLARITY,NA,NA,NA,NA,NA,NA,D12451i,24030401i,OXA_ANTIBODY_TITRATION,,8/30/24
2427321001,B00002447859,7859,6A,K5,1,2/27/24,M,LFD,12.3,4.3,16.31,11.28,2.5,9.6,25.2,5/22/24,CLARITY,NA,NA,NA,NA,NA,NA,D12450Hi,24031808i ,OXA_ANTIBODY_TITRATION,,8/30/24
2421352002,B00002444017,4017,6A,L4,1,2/6/24,M,HFD,15.5,7.5,10.66,8.51,1.1,5.1,NA,5/24/24,CLARITY,FOOD_REPLACEMENT,NA,NA,NA,NA,10,D12451i,24030401i,,,8/30/24
2421352002,B00002444018,4018,6A,M4,1,2/6/24,M,HFD,15.5,7.5,10.08,7.03,1.5,7.2,NA,5/24/24,CLARITY,FOOD_REPLACEMENT,NA,NA,NA,NA,11.8,D12451i,24030401i,,,8/30/24
2421352001,B00002444019,4019,6A,N4,1,2/6/24,M,HFD,15.5,7.5,11.36,7.62,1.9,8.8,NA,5/24/24,CLARITY,FOOD_REPLACEMENT,NA,NA,NA,NA,9.49,D12451i,24030401i,,,8/30/24
2421352001,B00002444020,4020,6A,H5,1,2/6/24,M,LFD,15.5,7.5,8.95,4.1,2.4,9.3,NA,5/24/24,CLARITY,FOOD_REPLACEMENT,NA,NA,NA,NA,11.41,D12450Hi,24031808i ,,,8/30/24
2421352001,B00002444021,4021,6A,I5,1,2/6/24,M,LFD,15.5,7.5,15.26,9.82,2.7,10.4,NA,5/24/24,CLARITY,FOOD_REPLACEMENT,NA,NA,NA,NA,10.08,D12450Hi,24031808i ,,,8/30/24
2421352001,B00002444022,4022,6A,J5,1,2/6/24,M,LFD,15.5,7.5,9.34,3.82,2.8,10.5,NA,5/24/24,CLARITY,FOOD_REPLACEMENT,NA,NA,NA,NA,11.51,D12450Hi,24031808i ,,,8/30/24
2427321001,B00002447858,7858,6A,L5,1,2/27/24,M,HFD,12.5,4.5,9.9,6.84,1.5,7.2,NA,5/24/24,CLARITY,FOOD_REPLACEMENT,NA,NA,NA,NA,10.61,D12451i,24030401i,OXA_ANTIBODY_TITRATION,,8/30/24
2427321001,B00002447859,7859,6A,K5,1,2/27/24,M,LFD,12.5,4.5,11.28,5.93,2.7,10.2,NA,5/24/24,CLARITY,FOOD_REPLACEMENT,NA,NA,NA,NA,10.17,D12450Hi,24031808i ,OXA_ANTIBODY_TITRATION,,8/30/24
2421352002,B00002444017,4017,6A,L4,1,2/6/24,M,HFD,16,8,10,3.69,2.1,9.9,NA,5/27/24,CLARITY,FOOD_REPLACEMENT,NA,NA,NA,NA,18.18,D12451i,24030401i,,,8/30/24
2421352002,B00002444018,4018,6A,M4,1,2/6/24,M,HFD,16,8,11.8,5.88,2,9.3,NA,5/27/24,CLARITY,FOOD_REPLACEMENT,NA,NA,NA,NA,15.02,D12451i,24030401i,CHECK FOR SPILLAGE VERY WELL NEXT TIME BECAUSE THIS DAY Y LEAVE MANY TINY NEW HFD PELLETS (PELLETS FROM THE BOTTOM OF THE FOOD BAG),,8/30/24
2421352001,B00002444019,4019,6A,N4,1,2/6/24,M,HFD,16,8,9.49,2.92,2.2,10.4,NA,5/27/24,CLARITY,FOOD_REPLACEMENT,NA,NA,NA,NA,21.48,D12451i,24030401i,,,8/30/24
2421352001,B00002444020,4020,6A,H5,1,2/6/24,M,LFD,16,8,11.41,4.67,2.2,8.6,NA,5/27/24,CLARITY,FOOD_REPLACEMENT,NA,NA,NA,NA,18.67,D12450Hi,24031808i ,,,8/30/24
2421352001,B00002444021,4021,6A,I5,1,2/6/24,M,LFD,16,8,10.08,1.17,3,11.3,NA,5/27/24,CLARITY,FOOD_REPLACEMENT,NA,NA,NA,NA,20.81,D12450Hi,24031808i ,,,8/30/24
2421352001,B00002444022,4022,6A,J5,1,2/6/24,M,LFD,16,8,11.51,3.25,2.8,10.5,NA,5/27/24,CLARITY,FOOD_REPLACEMENT,NA,NA,NA,NA,23.6,D12450Hi,24031808i ,,,8/30/24
2427321001,B00002447858,7858,6A,L5,1,2/27/24,M,HFD,13,5,10.61,5.11,1.8,8.7,NA,5/27/24,CLARITY,FOOD_REPLACEMENT,NA,NA,NA,NA,16.78,D12451i,24030401i,OXA_ANTIBODY_TITRATION,,8/30/24
2427321001,B00002447859,7859,6A,K5,1,2/27/24,M,LFD,13,5,10.17,0.48,3.2,12.3,NA,5/27/24,CLARITY,FOOD_REPLACEMENT,NA,NA,NA,NA,23.7,D12450Hi,24031808i ,OXA_ANTIBODY_TITRATION,,8/30/24
2421352002,B00002444017,4017,6A,L4,1,2/6/24,M,HFD,16.3,8.3,18.18,11.92,3.1,14.8,29.55,5/29/24,CLARITY,NA,NA,NA,NA,NA,NA,D12451i,24030401i,,,8/30/24
2421352002,B00002444018,4018,6A,M4,1,2/6/24,M,HFD,16.3,8.3,15.02,10.33,2.3,11.1,26.51,5/29/24,CLARITY,NA,NA,NA,NA,NA,NA,D12451i,24030401i,,,8/30/24
2421352001,B00002444019,4019,6A,N4,1,2/6/24,M,HFD,16.3,8.3,21.48,16.91,2.3,10.8,29.37,5/29/24,CLARITY,NA,NA,NA,NA,NA,NA,D12451i,24030401i,,,8/30/24
2421352001,B00002444020,4020,6A,H5,1,2/6/24,M,LFD,16.3,8.3,18.67,13.84,2.4,9.2,24.03,5/29/24,CLARITY,NA,NA,NA,NA,NA,NA,D12450Hi,24031808i ,,,8/30/24
2421352001,B00002444021,4021,6A,I5,1,2/6/24,M,LFD,16.3,8.3,20.81,16.49,2.2,8.3,26.11,5/29/24,CLARITY,NA,NA,NA,NA,NA,NA,D12450Hi,24031808i ,,,8/30/24
2421352001,B00002444022,4022,6A,J5,1,2/6/24,M,LFD,16.3,8.3,23.6,17,3.3,12.6,28.89,5/29/24,CLARITY,NA,NA,NA,NA,NA,NA,D12450Hi,24031808i ,,,8/30/24
2427321001,B00002447858,7858,6A,L5,1,2/27/24,M,HFD,13.3,5.3,16.78,12.87,2,9.2,24.54,5/29/24,CLARITY,NA,NA,NA,NA,NA,NA,D12451i,24030401i,OXA_ANTIBODY_TITRATION,,8/30/24
2427321001,B00002447859,7859,6A,K5,1,2/27/24,M,LFD,13.3,5.3,23.7,19.43,2.1,8.2,25.83,5/29/24,CLARITY,NA,NA,NA,NA,NA,NA,D12450Hi,24031808i ,OXA_ANTIBODY_TITRATION,,8/30/24
2421352002,B00002444017,4017,6A,L4,1,2/6/24,M,HFD,16.5,8.5,11.92,8.52,1.7,8,NA,5/31/24,CLARITY,FOOD_REPLACEMENT,NA,NA,NA,NA,14.35,D12451i,24030401i,,,8/30/24
2421352002,B00002444018,4018,6A,M4,1,2/6/24,M,HFD,16.5,8.5,10.33,7.56,1.4,6.6,NA,5/31/24,CLARITY,FOOD_REPLACEMENT,NA,NA,NA,NA,11,D12451i,24030401i,,,8/30/24
2421352001,B00002444019,4019,6A,N4,1,2/6/24,M,HFD,16.5,8.5,16.91,12.5,2.2,10.4,NA,5/31/24,CLARITY,FOOD_REPLACEMENT,NA,NA,NA,NA,11.58,D12451i,24030401i,,,8/30/24
2421352001,B00002444020,4020,6A,H5,1,2/6/24,M,LFD,16.5,8.5,13.84,9.06,2.4,9.1,NA,5/31/24,CLARITY,FOOD_REPLACEMENT,NA,NA,NA,NA,10.31,D12450Hi,24031808i ,,,8/30/24
2421352001,B00002444021,4021,6A,I5,1,2/6/24,M,LFD,16.5,8.5,16.49,12.12,2.2,8.3,NA,5/31/24,CLARITY,FOOD_REPLACEMENT,NA,NA,NA,NA,11.11,D12450Hi,24031808i ,,,8/30/24
2421352001,B00002444022,4022,6A,J5,1,2/6/24,M,LFD,16.5,8.5,17,10.91,3,11.6,NA,5/31/24,CLARITY,FOOD_REPLACEMENT,NA,NA,NA,NA,13.66,D12450Hi,24031808i ,,,8/30/24
2427321001,B00002447858,7858,6A,L5,1,2/27/24,M,HFD,13.5,5.5,12.87,8.41,2.2,10.5,NA,5/31/24,CLARITY,FOOD_REPLACEMENT,NA,NA,NA,NA,11,D12451i,24030401i,OXA_ANTIBODY_TITRATION,,8/30/24
2427321001,B00002447859,7859,6A,K5,1,2/27/24,M,LFD,13.5,5.5,19.43,15,2.2,8.5,NA,5/31/24,CLARITY,FOOD_REPLACEMENT,NA,NA,NA,NA,13.31,D12450Hi,24031808i ,OXA_ANTIBODY_TITRATION,,8/30/24
2421352002,B00002444017,4017,6A,L4,1,2/6/24,M,HFD,17,9,14.35,7.75,2.2,10.4,NA,6/3/24,CLARITY,FOOD_REPLACEMENT,NA,NA,NA,NA,17.7,D12451i,24030401i,,,8/30/24
2421352002,B00002444018,4018,6A,M4,1,2/6/24,M,HFD,17,9,11,5.02,2,9.4,NA,6/3/24,CLARITY,FOOD_REPLACEMENT,NA,NA,NA,NA,16.4,D12451i,24030401i,,,8/30/24
2421352001,B00002444019,4019,6A,N4,1,2/6/24,M,HFD,17,9,11.58,4.28,2.4,11.5,NA,6/3/24,CLARITY,FOOD_REPLACEMENT,NA,NA,NA,NA,21.83,D12451i,24030401i,,,8/30/24
2421352001,B00002444020,4020,6A,H5,1,2/6/24,M,LFD,17,9,10.31,2.22,2.7,10.3,NA,6/3/24,CLARITY,FOOD_REPLACEMENT,NA,NA,NA,NA,21.04,D12450Hi,24031808i ,,,8/30/24
2421352001,B00002444021,4021,6A,I5,1,2/6/24,M,LFD,17,9,11.11,2.37,2.9,11.1,NA,6/3/24,CLARITY,FOOD_REPLACEMENT,NA,NA,NA,NA,25.75,D12450Hi,24031808i ,,,8/30/24
2421352001,B00002444022,4022,6A,J5,1,2/6/24,M,LFD,17,9,13.66,4.75,3,11.3,NA,6/3/24,CLARITY,FOOD_REPLACEMENT,NA,NA,NA,NA,25.04,D12450Hi,24031808i ,,,8/30/24
2427321001,B00002447858,7858,6A,L5,1,2/27/24,M,HFD,14,6,11,4.82,2.1,9.7,NA,6/3/24,CLARITY,FOOD_REPLACEMENT,NA,NA,NA,NA,18.55,D12451i,24030401i,OXA_ANTIBODY_TITRATION,,8/30/24
2427321001,B00002447859,7859,6A,K5,1,2/27/24,M,LFD,14,6,13.31,5.03,2.8,10.5,NA,6/3/24,CLARITY,FOOD_REPLACEMENT,NA,NA,NA,NA,23.77,D12450Hi,24031808i ,OXA_ANTIBODY_TITRATION,,8/30/24
2421352002,B00002444017,4017,6A,L4,1,2/6/24,M,HFD,17.3,9.3,17.7,12.14,2.8,13.1,29.38,6/5/24,CLARITY,CAGE_REPLACEMENT,NA,NA,NA,NA,NA,D12451i,24030401i,,,8/30/24
2421352002,B00002444018,4018,6A,M4,1,2/6/24,M,HFD,17.3,9.3,16.4,11.34,2.5,12,27.17,6/5/24,CLARITY,CAGE_REPLACEMENT,NA,NA,NA,NA,NA,D12451i,24030401i,,,8/30/24
2421352001,B00002444019,4019,6A,N4,1,2/6/24,M,HFD,17.3,9.3,21.83,16.77,2.5,12,30.24,6/5/24,CLARITY,CAGE_REPLACEMENT,NA,NA,NA,NA,NA,D12451i,24030401i,,,8/30/24
2421352001,B00002444020,4020,6A,H5,1,2/6/24,M,LFD,17.3,9.3,21.04,15.93,2.6,9.8,24.55,6/5/24,CLARITY,CAGE_REPLACEMENT,NA,NA,NA,NA,NA,D12450Hi,24031808i ,,,8/30/24
2421352001,B00002444021,4021,6A,I5,1,2/6/24,M,LFD,17.3,9.3,25.75,21.44,2.2,8.2,26.28,6/5/24,CLARITY,CAGE_REPLACEMENT,NA,NA,NA,NA,NA,D12450Hi,24031808i ,,,8/30/24
2421352001,B00002444022,4022,6A,J5,1,2/6/24,M,LFD,17.3,9.3,25.04,18.83,3.1,11.9,29.84,6/5/24,CLARITY,CAGE_REPLACEMENT,NA,NA,NA,NA,NA,D12450Hi,24031808i ,,,8/30/24
2427321001,B00002447858,7858,6A,L5,1,2/27/24,M,HFD,14.3,6.3,18.55,13.3,2.6,12.4,26.64,6/5/24,CLARITY,CAGE_REPLACEMENT,NA,NA,NA,NA,NA,D12451i,24030401i,OXA_ANTIBODY_TITRATION,,8/30/24
2427321001,B00002447859,7859,6A,K5,1,2/27/24,M,LFD,14.3,6.3,23.77,20.26,1.8,6.7,25.46,6/5/24,CLARITY,CAGE_REPLACEMENT,NA,NA,NA,NA,NA,D12450Hi,24031808i ,OXA_ANTIBODY_TITRATION,,8/30/24
2421352002,B00002444017,4017,6A,L4,1,2/6/24,M,HFD,17.5,9.5,12.14,9.01,1.6,7.4,NA,6/7/24,CLARITY,FOOD_REPLACEMENT,NA,NA,NA,NA,14.48,D12451i,24030401i,,,8/30/24
2421352002,B00002444018,4018,6A,M4,1,2/6/24,M,HFD,17.5,9.5,11.34,8.26,1.5,7.3,NA,6/7/24,CLARITY,FOOD_REPLACEMENT,NA,NA,NA,NA,14.42,D12451i,24030401i,,,8/30/24
2421352001,B00002444019,4019,6A,N4,1,2/6/24,M,HFD,17.5,9.5,16.77,14.68,1,4.9,NA,6/7/24,CLARITY,FOOD_REPLACEMENT,NA,NA,NA,NA,16.82,D12451i,24030401i,,,8/30/24
2421352001,B00002444020,4020,6A,H5,1,2/6/24,M,LFD,17.5,9.5,15.93,11.16,2.4,9.1,NA,6/7/24,CLARITY,FOOD_REPLACEMENT,NA,NA,NA,NA,14.41,D12450Hi,24031808i ,,,8/30/24
2421352001,B00002444021,4021,6A,I5,1,2/6/24,M,LFD,17.5,9.5,21.44,14.99,3.2,12.3,NA,6/7/24,CLARITY,FOOD_REPLACEMENT,NA,NA,NA,NA,17.33,D12450Hi,24031808i ,,,8/30/24
2421352001,B00002444022,4022,6A,J5,1,2/6/24,M,LFD,17.5,9.5,18.83,15.09,1.9,7.1,NA,6/7/24,CLARITY,FOOD_REPLACEMENT,NA,NA,NA,NA,15.67,D12450Hi,24031808i ,,,8/30/24
2427321001,B00002447858,7858,6A,L5,1,2/27/24,M,HFD,14.5,6.5,13.3,10.63,1.3,6.3,NA,6/7/24,CLARITY,FOOD_REPLACEMENT,NA,NA,NA,NA,15.28,D12451i,24030401i,OXA_ANTIBODY_TITRATION,,8/30/24
2427321001,B00002447859,7859,6A,K5,1,2/27/24,M,LFD,14.5,6.5,20.26,15.65,2.3,8.8,NA,6/7/24,CLARITY,FOOD_REPLACEMENT,NA,NA,NA,NA,17.24,D12450Hi,24031808i ,OXA_ANTIBODY_TITRATION,,8/30/24
2421352002,B00002444017,4017,6A,L4,1,2/6/24,M,HFD,18,10,14.48,8.68,1.9,9.1,NA,6/10/24,CLARITY,FOOD_REPLACEMENT,NA,NA,NA,NA,11.45,D12451i,24030401i,,,8/30/24
2421352002,B00002444018,4018,6A,M4,1,2/6/24,M,HFD,18,10,14.42,8.07,2.1,10,NA,6/10/24,CLARITY,FOOD_REPLACEMENT,NA,NA,NA,NA,12.37,D12451i,24030401i,,,8/30/24
2421352001,B00002444019,4019,6A,N4,1,2/6/24,M,HFD,18,10,16.82,11.37,1.8,8.6,NA,6/10/24,CLARITY,FOOD_REPLACEMENT,NA,NA,NA,NA,11.12,D12451i,24030401i,,,8/30/24
2421352001,B00002444020,4020,6A,H5,1,2/6/24,M,LFD,18,10,14.41,6.67,2.6,9.9,NA,6/10/24,CLARITY,FOOD_REPLACEMENT,NA,NA,NA,NA,15.04,D12450Hi,24031808i ,,,8/30/24
2421352001,B00002444021,4021,6A,I5,1,2/6/24,M,LFD,18,10,17.33,9.51,2.6,10,NA,6/10/24,CLARITY,FOOD_REPLACEMENT,NA,NA,NA,NA,16.47,D12450Hi,24031808i ,,,8/30/24
2421352001,B00002444022,4022,6A,J5,1,2/6/24,M,LFD,18,10,15.67,8.13,2.5,9.6,NA,6/10/24,CLARITY,FOOD_REPLACEMENT,NA,NA,NA,NA,14,D12450Hi,24031808i ,,,8/30/24
2427321001,B00002447858,7858,6A,L5,1,2/27/24,M,HFD,15,7,15.28,8.56,2.2,10.6,NA,6/10/24,CLARITY,FOOD_REPLACEMENT,NA,NA,NA,NA,13.48,D12451i,24030401i,OXA_ANTIBODY_TITRATION,,8/30/24
2427321001,B00002447859,7859,6A,K5,1,2/27/24,M,LFD,15,7,17.24,9.92,2.4,9.3,NA,6/10/24,CLARITY,FOOD_REPLACEMENT,NA,NA,NA,NA,14.69,D12450Hi,24031808i ,OXA_ANTIBODY_TITRATION,,8/30/24
2421352002,B00002444017,4017,6A,L4,1,2/6/24,M,HFD,18.3,10.3,11.45,7.24,2.1,10,28.77,6/12/24,CLARITY,NA,NA,NA,NA,NA,NA,D12451i,24030401i,,,8/30/24
2421352002,B00002444018,4018,6A,M4,1,2/6/24,M,HFD,18.3,10.3,12.37,7.27,2.6,12.1,27.09,6/12/24,CLARITY,NA,NA,NA,NA,NA,NA,D12451i,24030401i,,,8/30/24
2421352001,B00002444019,4019,6A,N4,1,2/6/24,M,HFD,18.3,10.3,11.12,6.54,2.3,10.8,28.65,6/12/24,CLARITY,NA,NA,NA,NA,NA,NA,D12451i,24030401i,,,8/30/24
2421352001,B00002444020,4020,6A,H5,1,2/6/24,M,LFD,18.3,10.3,15.04,10.39,2.3,8.9,24.6,6/12/24,CLARITY,NA,NA,NA,NA,NA,NA,D12450Hi,24031808i ,,,8/30/24
2421352001,B00002444021,4021,6A,I5,1,2/6/24,M,LFD,18.3,10.3,16.47,12.06,2.2,8.4,25.9,6/12/24,CLARITY,NA,NA,NA,NA,NA,NA,D12450Hi,24031808i ,,,8/30/24
2421352001,B00002444022,4022,6A,J5,1,2/6/24,M,LFD,18.3,10.3,14,8.99,2.5,9.6,29.39,6/12/24,CLARITY,NA,NA,NA,NA,NA,NA,D12450Hi,24031808i ,,,8/30/24
2427321001,B00002447858,7858,6A,L5,1,2/27/24,M,HFD,15.3,7.3,13.48,9.81,1.8,8.7,26.18,6/12/24,CLARITY,NA,NA,NA,NA,NA,NA,D12451i,24030401i,OXA_ANTIBODY_TITRATION,,8/30/24
2427321001,B00002447859,7859,6A,K5,1,2/27/24,M,LFD,15.3,7.3,14.69,9.15,2.8,10.6,25.48,6/12/24,CLARITY,NA,NA,NA,NA,NA,NA,D12450Hi,24031808i ,OXA_ANTIBODY_TITRATION,,8/30/24
2421352002,B00002444017,4017,6A,L4,1,2/6/24,M,HFD,18.5,10.5,7.24,4.16,1.5,7.3,NA,6/14/24,CLARITY,FOOD_REPLACEMENT,NA,NA,NA,NA,11.34,D12451i,24030401i,,,8/30/24
2421352002,B00002444018,4018,6A,M4,1,2/6/24,M,HFD,18.5,10.5,7.27,4.28,1.5,7.1,NA,6/14/24,CLARITY,FOOD_REPLACEMENT,NA,NA,NA,NA,11.03,D12451i,24030401i,,,8/30/24
2421352001,B00002444019,4019,6A,N4,1,2/6/24,M,HFD,18.5,10.5,6.54,1.81,2.4,11.2,NA,6/14/24,CLARITY,FOOD_REPLACEMENT,NA,NA,NA,NA,10.81,D12451i,24030401i,,,8/30/24
2421352001,B00002444020,4020,6A,H5,1,2/6/24,M,LFD,18.5,10.5,10.39,4.61,2.9,11,NA,6/14/24,CLARITY,FOOD_REPLACEMENT,NA,NA,NA,NA,11.61,D12450Hi,24031808i ,,,8/30/24
2421352001,B00002444021,4021,6A,I5,1,2/6/24,M,LFD,18.5,10.5,12.06,5.72,3.2,12.1,NA,6/14/24,CLARITY,FOOD_REPLACEMENT,NA,NA,NA,NA,12.81,D12450Hi,24031808i ,,,8/30/24
2421352001,B00002444022,4022,6A,J5,1,2/6/24,M,LFD,18.5,10.5,8.99,4.01,2.5,9.5,NA,6/14/24,CLARITY,FOOD_REPLACEMENT,NA,NA,NA,NA,11.32,D12450Hi,24031808i ,,,8/30/24
2427321001,B00002447858,7858,6A,L5,1,2/27/24,M,HFD,15.5,7.5,9.81,6.04,1.9,8.9,NA,6/14/24,CLARITY,FOOD_REPLACEMENT,NA,NA,NA,NA,12.32,D12451i,24030401i,OXA_ANTIBODY_TITRATION,,8/30/24
2427321001,B00002447859,7859,6A,K5,1,2/27/24,M,LFD,15.5,7.5,9.15,3.02,3.1,11.7,NA,6/14/24,CLARITY,FOOD_REPLACEMENT,NA,NA,NA,NA,12.6,D12450Hi,24031808i ,OXA_ANTIBODY_TITRATION,,8/30/24
2421352002,B00002444017,4017,6A,L4,1,2/6/24,M,HFD,19,11,11.34,4.27,2.4,11.1,NA,6/17/24,CLARITY,FOOD_REPLACEMENT,NA,NA,NA,NA,14.7,D12451i,24030401i,,,8/30/24
2421352002,B00002444018,4018,6A,M4,1,2/6/24,M,HFD,19,11,11.03,4.93,2,9.6,NA,6/17/24,CLARITY,FOOD_REPLACEMENT,NA,NA,NA,NA,14.64,D12451i,24030401i,,,8/30/24
2421352001,B00002444019,4019,6A,N4,1,2/6/24,M,HFD,19,11,10.81,2.97,2.6,12.4,NA,6/17/24,CLARITY,FOOD_REPLACEMENT,NA,NA,NA,NA,16.22,D12451i,24030401i,,,8/30/24
2421352001,B00002444020,4020,6A,H5,1,2/6/24,M,LFD,19,11,11.61,3.23,2.8,10.7,NA,6/17/24,CLARITY,FOOD_REPLACEMENT,NA,NA,NA,NA,15.44,D12450Hi,24031808i ,,,8/30/24
2421352001,B00002444021,4021,6A,I5,1,2/6/24,M,LFD,19,11,12.81,5.3,2.5,9.6,NA,6/17/24,CLARITY,FOOD_REPLACEMENT,NA,NA,NA,NA,13.25,D12450Hi,24031808i ,,,8/30/24
2421352001,B00002444022,4022,6A,J5,1,2/6/24,M,LFD,19,11,11.32,3.33,2.7,10.2,NA,6/17/24,CLARITY,FOOD_REPLACEMENT,NA,NA,NA,NA,15.27,D12450Hi,24031808i ,,,8/30/24
2427321001,B00002447858,7858,6A,L5,1,2/27/24,M,HFD,16,8,12.32,5.93,2.1,10.1,NA,6/17/24,CLARITY,FOOD_REPLACEMENT,NA,NA,NA,NA,13.49,D12451i,24030401i,OXA_ANTIBODY_TITRATION,,8/30/24
2427321001,B00002447859,7859,6A,K5,1,2/27/24,M,LFD,16,8,12.6,3.92,2.9,11.1,NA,6/17/24,CLARITY,FOOD_REPLACEMENT,NA,NA,NA,NA,16.42,D12450Hi,24031808i ,OXA_ANTIBODY_TITRATION,,8/30/24
2421352002,B00002444017,4017,6A,L4,1,2/6/24,M,HFD,19.3,11.3,14.7,10.06,2.3,11,28.84,6/19/24,CLARITY,NA,NA,NA,NA,NA,NA,D12451i,24030401i,,,8/30/24
2421352002,B00002444018,4018,6A,M4,1,2/6/24,M,HFD,19.3,11.3,14.64,10.42,2.1,10,26.08,6/19/24,CLARITY,NA,NA,NA,NA,NA,NA,D12451i,24030401i,,,8/30/24
2421352001,B00002444019,4019,6A,N4,1,2/6/24,M,HFD,19.3,11.3,16.22,11.13,2.5,12,30.6,6/19/24,CLARITY,NA,NA,NA,NA,NA,NA,D12451i,24030401i,,,8/30/24
2421352001,B00002444020,4020,6A,H5,1,2/6/24,M,LFD,19.3,11.3,15.44,9.67,2.9,11,25.76,6/19/24,CLARITY,NA,NA,NA,NA,NA,NA,D12450Hi,24031808i ,,,8/30/24
2421352001,B00002444021,4021,6A,I5,1,2/6/24,M,LFD,19.3,11.3,13.25,7.73,2.8,10.5,26.66,6/19/24,CLARITY,NA,NA,NA,NA,NA,NA,D12450Hi,24031808i ,,,8/30/24
2421352001,B00002444022,4022,6A,J5,1,2/6/24,M,LFD,19.3,11.3,15.27,8.86,3.2,12.2,30.25,6/19/24,CLARITY,NA,NA,NA,NA,NA,NA,D12450Hi,24031808i ,,,8/30/24
2427321001,B00002447858,7858,6A,L5,1,2/27/24,M,HFD,16.3,8.3,13.49,9.18,2.2,10.2,26.66,6/19/24,CLARITY,NA,NA,NA,NA,NA,NA,D12451i,24030401i,OXA_ANTIBODY_TITRATION,,8/30/24
2427321001,B00002447859,7859,6A,K5,1,2/27/24,M,LFD,16.3,8.3,16.42,10.71,2.9,10.9,26.6,6/19/24,CLARITY,NA,NA,NA,NA,NA,NA,D12450Hi,24031808i ,OXA_ANTIBODY_TITRATION,,8/30/24
2421352002,B00002444017,4017,6A,L4,1,2/6/24,M,HFD,19.5,11.5,10.06,6.63,1.7,8.1,NA,6/21/24,CLARITY,FOOD_REPLACEMENT,NA,NA,NA,NA,6.73,D12451i,24030401i,,,8/30/24
2421352002,B00002444018,4018,6A,M4,1,2/6/24,M,HFD,19.5,11.5,10.42,6.99,1.7,8.1,NA,6/21/24,CLARITY,FOOD_REPLACEMENT,NA,NA,NA,NA,7.24,D12451i,24030401i,,,8/30/24
2421352001,B00002444019,4019,6A,N4,1,2/6/24,M,HFD,19.5,11.5,11.13,8.06,1.5,7.3,NA,6/21/24,CLARITY,FOOD_REPLACEMENT,NA,NA,NA,NA,7.42,D12451i,24030401i,,,8/30/24
2421352001,B00002444020,4020,6A,H5,1,2/6/24,M,LFD,19.5,11.5,9.67,3.78,2.9,11.2,NA,6/21/24,CLARITY,FOOD_REPLACEMENT,NA,NA,NA,NA,9.14,D12450Hi,24031808i ,,,8/30/24
2421352001,B00002444021,4021,6A,I5,1,2/6/24,M,LFD,19.5,11.5,7.73,2.18,2.8,10.6,NA,6/21/24,CLARITY,FOOD_REPLACEMENT,NA,NA,NA,NA,9.39,D12450Hi,24031808i ,,,8/30/24
2421352001,B00002444022,4022,6A,J5,1,2/6/24,M,LFD,19.5,11.5,8.86,3.01,2.9,11.2,NA,6/21/24,CLARITY,FOOD_REPLACEMENT,NA,NA,NA,NA,9.42,D12450Hi,24031808i ,,,8/30/24
2427321001,B00002447858,7858,6A,L5,1,2/27/24,M,HFD,16.5,8.5,9.18,5.31,1.9,9.2,NA,6/21/24,CLARITY,FOOD_REPLACEMENT,NA,NA,NA,NA,7.78,D12451i,24030401i,OXA_ANTIBODY_TITRATION,,8/30/24
2427321001,B00002447859,7859,6A,K5,1,2/27/24,M,LFD,16.5,8.5,10.71,6.72,2,7.6,NA,6/21/24,CLARITY,FOOD_REPLACEMENT,NA,NA,NA,NA,7.59,D12450Hi,24031808i ,OXA_ANTIBODY_TITRATION,,8/30/24
2421352002,B00002444017,4017,6A,L4,1,2/6/24,M,HFD,20,12,6.73,1.44,1.8,8.3,NA,6/24/24,CLARITY,FOOD_REPLACEMENT,NA,NA,NA,NA,11.32,D12451i,24030401i,,,8/30/24
2421352002,B00002444018,4018,6A,M4,1,2/6/24,M,HFD,20,12,7.24,1.52,1.9,9,NA,6/24/24,CLARITY,FOOD_REPLACEMENT,NA,NA,NA,NA,10.96,D12451i,24030401i,,,8/30/24
2421352001,B00002444019,4019,6A,N4,1,2/6/24,M,HFD,20,12,7.42,1.46,2,9.4,NA,6/24/24,CLARITY,FOOD_REPLACEMENT,NA,NA,NA,NA,11.25,D12451i,24030401i,,,8/30/24
2421352001,B00002444020,4020,6A,H5,1,2/6/24,M,LFD,20,12,9.14,2.34,2.3,8.7,NA,6/24/24,CLARITY,FOOD_REPLACEMENT,NA,NA,NA,NA,15.89,D12450Hi,24031808i ,,,8/30/24
2421352001,B00002444021,4021,6A,I5,1,2/6/24,M,LFD,20,12,9.39,2.39,2.3,8.9,NA,6/24/24,CLARITY,FOOD_REPLACEMENT,NA,NA,NA,NA,15.8,D12450Hi,24031808i ,,,8/30/24
2421352001,B00002444022,4022,6A,J5,1,2/6/24,M,LFD,20,12,9.42,0.88,2.8,10.9,NA,6/24/24,CLARITY,FOOD_REPLACEMENT,NA,NA,NA,NA,15.62,D12450Hi,24031808i ,,,8/30/24
2427321001,B00002447858,7858,6A,L5,1,2/27/24,M,HFD,17,9,7.78,2.11,1.9,8.9,NA,6/24/24,CLARITY,FOOD_REPLACEMENT,NA,NA,NA,NA,11.52,D12451i,24030401i,OXA_ANTIBODY_TITRATION,,8/30/24
2427321001,B00002447859,7859,6A,K5,1,2/27/24,M,LFD,17,9,7.59,0,2.5,9.7,NA,6/24/24,CLARITY,FOOD_REPLACEMENT,NA,NA,NA,NA,16.92,D12450Hi,24031808i ,OXA_ANTIBODY_TITRATION,,8/30/24
2421352002,B00002444017,4017,6A,L4,1,2/6/24,M,HFD,20.3,12.3,11.32,6.65,2.3,11,28.58,6/26/24,CLARITY,NA,NA,NA,NA,NA,NA,D12451i,24030401i,,,8/30/24
2421352002,B00002444018,4018,6A,M4,1,2/6/24,M,HFD,20.3,12.3,10.96,6.27,2.3,11.1,26.08,6/26/24,CLARITY,NA,NA,NA,NA,NA,NA,D12451i,24030401i,,,8/30/24
2421352001,B00002444019,4019,6A,N4,1,2/6/24,M,HFD,20.3,12.3,11.25,6.31,2.5,11.7,30.35,6/26/24,CLARITY,NA,NA,NA,NA,NA,NA,D12451i,24030401i,,,8/30/24
2421352001,B00002444020,4020,6A,H5,1,2/6/24,M,LFD,20.3,12.3,15.89,10.54,2.7,10.2,25.25,6/26/24,CLARITY,NA,NA,NA,NA,NA,NA,D12450Hi,24031808i ,,,8/30/24
2421352001,B00002444021,4021,6A,I5,1,2/6/24,M,LFD,20.3,12.3,15.8,10.07,2.9,10.9,26.89,6/26/24,CLARITY,NA,NA,NA,NA,NA,NA,D12450Hi,24031808i ,,,8/30/24
2421352001,B00002444022,4022,6A,J5,1,2/6/24,M,LFD,20.3,12.3,15.62,9.98,2.8,10.8,30.74,6/26/24,CLARITY,NA,NA,NA,NA,NA,NA,D12450Hi,24031808i ,,,8/30/24
2427321001,B00002447858,7858,6A,L5,1,2/27/24,M,HFD,17.3,9.3,11.52,6.87,2.3,11,27.65,6/26/24,CLARITY,NA,NA,NA,NA,NA,NA,D12451i,24030401i,OXA_ANTIBODY_TITRATION,,8/30/24
2427321001,B00002447859,7859,6A,K5,1,2/27/24,M,LFD,17.3,9.3,16.92,10.61,3.2,12.1,26.14,6/26/24,CLARITY,NA,NA,NA,NA,NA,NA,D12450Hi,24031808i ,OXA_ANTIBODY_TITRATION,,8/30/24
2421352002,B00002444017,4017,6A,L4,1,2/6/24,M,HFD,20.5,12.5,6.65,3.38,1.6,7.7,NA,6/28/24,CLARITY,FOOD_REPLACEMENT,NA,NA,NA,NA,12.06,D12451i,24030401i,,,8/30/24
2421352002,B00002444018,4018,6A,M4,1,2/6/24,M,HFD,20.5,12.5,6.27,1.83,2.2,10.5,NA,6/28/24,CLARITY,FOOD_REPLACEMENT,NA,NA,NA,NA,13.75,D12451i,24030401i,,,8/30/24
2421352001,B00002444019,4019,6A,N4,1,2/6/24,M,HFD,20.5,12.5,6.31,2.76,1.8,8.4,NA,6/28/24,CLARITY,FOOD_REPLACEMENT,NA,NA,NA,NA,10.71,D12451i,24030401i,,,8/30/24
2421352001,B00002444020,4020,6A,H5,1,2/6/24,M,LFD,20.5,12.5,10.54,5.58,2.5,9.5,NA,6/28/24,CLARITY,FOOD_REPLACEMENT,NA,NA,NA,NA,12.78,D12450Hi,24031808i ,,,8/30/24
2421352001,B00002444021,4021,6A,I5,1,2/6/24,M,LFD,20.5,12.5,10.07,4.8,2.6,10.1,NA,6/28/24,CLARITY,FOOD_REPLACEMENT,NA,NA,NA,NA,14.57,D12450Hi,24031808i ,,,8/30/24
2421352001,B00002444022,4022,6A,J5,1,2/6/24,M,LFD,20.5,12.5,9.98,3.8,3.1,11.8,NA,6/28/24,CLARITY,FOOD_REPLACEMENT,NA,NA,NA,NA,11.94,D12450Hi,24031808i ,,,8/30/24
2427321001,B00002447858,7858,6A,L5,1,2/27/24,M,HFD,17.5,9.5,6.87,2.18,2.3,11.1,NA,6/28/24,CLARITY,FOOD_REPLACEMENT,NA,NA,NA,NA,13.58,D12451i,24030401i,OXA_ANTIBODY_TITRATION,,8/30/24
2427321001,B00002447859,7859,6A,K5,1,2/27/24,M,LFD,17.5,9.5,10.61,5.34,2.6,10.1,NA,6/28/24,CLARITY,FOOD_REPLACEMENT,NA,NA,NA,NA,12.12,D12450Hi,24031808i ,OXA_ANTIBODY_TITRATION,,8/30/24
2421352002,B00002444017,4017,6A,L4,1,2/6/24,M,HFD,21,13,12.06,6.19,2,9.3,NA,7/1/24,CLARITY,FOOD_REPLACEMENT,NA,NA,NA,NA,15.06,D12451i,24030401i,,,8/30/24
2421352002,B00002444018,4018,6A,M4,1,2/6/24,M,HFD,21,13,13.75,8.02,1.9,9,NA,7/1/24,CLARITY,FOOD_REPLACEMENT,NA,NA,NA,NA,14.64,D12451i,24030401i,,,8/30/24
2421352001,B00002444019,4019,6A,N4,1,2/6/24,M,HFD,21,13,10.71,3.43,2.4,11.5,NA,7/1/24,CLARITY,FOOD_REPLACEMENT,NA,NA,NA,NA,14.82,D12451i,24030401i,,,8/30/24
2421352001,B00002444020,4020,6A,H5,1,2/6/24,M,LFD,21,13,12.78,4.89,2.6,10,NA,7/1/24,CLARITY,FOOD_REPLACEMENT,NA,NA,NA,NA,15.27,D12450Hi,24031808i ,,,8/30/24
2421352001,B00002444021,4021,6A,I5,1,2/6/24,M,LFD,21,13,14.57,6.31,2.8,10.5,NA,7/1/24,CLARITY,FOOD_REPLACEMENT,NA,NA,NA,NA,16.96,D12450Hi,24031808i ,,,8/30/24
2421352001,B00002444022,4022,6A,J5,1,2/6/24,M,LFD,21,13,11.94,1.95,3.3,12.7,NA,7/1/24,CLARITY,FOOD_REPLACEMENT,NA,NA,NA,NA,20.76,D12450Hi,24031808i ,,,8/30/24
2427321001,B00002447858,7858,6A,L5,1,2/27/24,M,HFD,18,10,13.58,7.1,2.2,10.2,NA,7/1/24,CLARITY,FOOD_REPLACEMENT,NA,NA,NA,NA,15.33,D12451i,24030401i,OXA_ANTIBODY_TITRATION,,8/30/24
2427321001,B00002447859,7859,6A,K5,1,2/27/24,M,LFD,18,10,12.12,6.07,2,7.7,NA,7/1/24,CLARITY,FOOD_REPLACEMENT,NA,NA,NA,NA,11.8,D12450Hi,24031808i ,OXA_ANTIBODY_TITRATION,,8/30/24
2421352002,B00002444017,4017,6A,L4,1,2/6/24,M,HFD,21.2,13.2,NA,NA,NA,0,30.4,7/2/24,CLARITY,ECHO_MRI_MEASUREMENT,7.35,23.79,0.04,18.61,NA,D12451i,24030401i,,,8/30/24
2421352002,B00002444018,4018,6A,M4,1,2/6/24,M,HFD,21.2,13.2,NA,NA,NA,0,26.7,7/2/24,CLARITY,ECHO_MRI_MEASUREMENT,5.98,21.44,0,16.76,NA,D12451i,24030401i,,,8/30/24
2421352001,B00002444019,4019,6A,N4,1,2/6/24,M,HFD,21.2,13.2,NA,NA,NA,0,30,7/2/24,CLARITY,ECHO_MRI_MEASUREMENT,6.95,24.03,0,18.61,NA,D12451i,24030401i,,,8/30/24
2421352001,B00002444020,4020,6A,H5,1,2/6/24,M,LFD,21.2,13.2,NA,NA,NA,NA,25.4,7/2/24,CLARITY,ECHO_MRI_MEASUREMENT,3.12,23.44,0,17.93,NA,D12450Hi,24031808i ,,,8/30/24
2421352001,B00002444021,4021,6A,I5,1,2/6/24,M,LFD,21.2,13.2,NA,NA,NA,NA,27.6,7/2/24,CLARITY,ECHO_MRI_MEASUREMENT,3.63,25.03,0.02,19.69,NA,D12450Hi,24031808i ,,,8/30/24
2421352001,B00002444022,4022,6A,J5,1,2/6/24,M,LFD,21.2,13.2,NA,NA,NA,NA,32.8,7/2/24,CLARITY,ECHO_MRI_MEASUREMENT,6.99,26.5,0.19,21.67,NA,D12450Hi,24031808i ,,,8/30/24
2427321001,B00002447858,7858,6A,L5,1,2/27/24,M,HFD,18.2,10.2,NA,NA,NA,NA,28.2,7/2/24,CLARITY,ECHO_MRI_MEASUREMENT,6.37,22.75,0.16,17.03,NA,D12451i,24030401i,OXA_ANTIBODY_TITRATION,,8/30/24
2427321001,B00002447859,7859,6A,K5,1,2/27/24,M,LFD,18.2,10.2,NA,NA,NA,NA,26.1,7/2/24,CLARITY,ECHO_MRI_MEASUREMENT,3.99,23.6,0,17.53,NA,D12450Hi,24031808i ,OXA_ANTIBODY_TITRATION,,8/30/24
2421352002,B00002444017,4017,6A,L4,1,2/6/24,M,HFD,21.3,13.3,15.06,8.69,3.2,15.1,30.51,7/3/24,CLARITY,NA,NA,NA,NA,NA,NA,D12451i,24030401i,,,8/30/24
2421352002,B00002444018,4018,6A,M4,1,2/6/24,M,HFD,21.3,13.3,14.64,10.37,2.1,10.1,26.82,7/3/24,CLARITY,NA,NA,NA,NA,NA,NA,D12451i,24030401i,,,8/30/24
2421352001,B00002444019,4019,6A,N4,1,2/6/24,M,HFD,21.3,13.3,14.82,10.53,2.1,10.1,30.22,7/3/24,CLARITY,NA,NA,NA,NA,NA,NA,D12451i,24030401i,,,8/30/24
2421352001,B00002444020,4020,6A,H5,1,2/6/24,M,LFD,21.3,13.3,15.27,10.47,2.4,9.2,25.53,7/3/24,CLARITY,NA,NA,NA,NA,NA,NA,D12450Hi,24031808i ,,,8/30/24
2421352001,B00002444021,4021,6A,I5,1,2/6/24,M,LFD,21.3,13.3,16.96,12.13,2.4,9.2,27.35,7/3/24,CLARITY,NA,NA,NA,NA,NA,NA,D12450Hi,24031808i ,,,8/30/24
2421352001,B00002444022,4022,6A,J5,1,2/6/24,M,LFD,21.3,13.3,20.76,15.49,2.6,10.1,31.9,7/3/24,CLARITY,NA,NA,NA,NA,NA,NA,D12450Hi,24031808i ,,,8/30/24
2427321001,B00002447858,7858,6A,L5,1,2/27/24,M,HFD,18.3,10.3,15.33,10.75,2.3,10.8,27.76,7/3/24,CLARITY,NA,NA,NA,NA,NA,NA,D12451i,24030401i,OXA_ANTIBODY_TITRATION,,8/30/24
2427321001,B00002447859,7859,6A,K5,1,2/27/24,M,LFD,18.3,10.3,11.8,6.86,2.5,9.4,26.01,7/3/24,CLARITY,NA,NA,NA,NA,NA,NA,D12450Hi,24031808i ,OXA_ANTIBODY_TITRATION,,8/30/24
2421352002,B00002444017,4017,6A,L4,1,2/6/24,M,HFD,21.5,13.5,8.69,6.87,0.9,4.3,NA,7/5/24,CLARITY,FOOD_REPLACEMENT,NA,NA,NA,NA,6.3,D12451i,24030401i,,,8/30/24
2421352002,B00002444018,4018,6A,M4,1,2/6/24,M,HFD,21.5,13.5,10.37,6.89,1.7,8.2,NA,7/5/24,CLARITY,FOOD_REPLACEMENT,NA,NA,NA,NA,7.25,D12451i,24030401i,,,8/30/24
2421352001,B00002444019,4019,6A,N4,1,2/6/24,M,HFD,21.5,13.5,10.53,7.62,1.5,6.9,NA,7/5/24,CLARITY,FOOD_REPLACEMENT,NA,NA,NA,NA,6.54,D12451i,24030401i,,,8/30/24
2421352001,B00002444020,4020,6A,H5,1,2/6/24,M,LFD,21.5,13.5,10.47,5.1,2.7,10.3,NA,7/5/24,CLARITY,FOOD_REPLACEMENT,NA,NA,NA,NA,9.72,D12450Hi,24031808i ,,,8/30/24
2421352001,B00002444021,4021,6A,I5,1,2/6/24,M,LFD,21.5,13.5,12.13,6.48,2.8,10.8,NA,7/5/24,CLARITY,FOOD_REPLACEMENT,NA,NA,NA,NA,9.21,D12450Hi,24031808i ,,,8/30/24
2421352001,B00002444022,4022,6A,J5,1,2/6/24,M,LFD,21.5,13.5,15.49,9.74,2.9,11,NA,7/5/24,CLARITY,FOOD_REPLACEMENT,NA,NA,NA,NA,9.41,D12450Hi,24031808i ,,,8/30/24
2427321001,B00002447858,7858,6A,L5,1,2/27/24,M,HFD,18.5,10.5,10.75,6.93,1.9,9,NA,7/5/24,CLARITY,FOOD_REPLACEMENT,NA,NA,NA,NA,7.57,D12451i,24030401i,OXA_ANTIBODY_TITRATION,,8/30/24
2427321001,B00002447859,7859,6A,K5,1,2/27/24,M,LFD,18.5,10.5,6.86,1.67,2.6,9.9,NA,7/5/24,CLARITY,FOOD_REPLACEMENT,NA,NA,NA,NA,9.34,D12450Hi,24031808i ,OXA_ANTIBODY_TITRATION,,8/30/24
2421352002,B00002444017,4017,6A,L4,1,2/6/24,M,HFD,22,14,6.3,0,2.1,9.9,NA,7/8/24,CLARITY,FOOD_REPLACEMENT,NA,NA,NA,NA,15.16,D12451i,24030401i,,,8/30/24
2421352002,B00002444018,4018,6A,M4,1,2/6/24,M,HFD,22,14,7.25,0.74,2.2,10.3,NA,7/8/24,CLARITY,FOOD_REPLACEMENT,NA,NA,NA,NA,14.7,D12451i,24030401i,,,8/30/24
2421352001,B00002444019,4019,6A,N4,1,2/6/24,M,HFD,22,14,6.54,0.57,2,9.4,NA,7/8/24,CLARITY,FOOD_REPLACEMENT,NA,NA,NA,NA,14.53,D12451i,24030401i,,,8/30/24
2421352001,B00002444020,4020,6A,H5,1,2/6/24,M,LFD,22,14,9.72,2.97,2.3,8.6,NA,7/8/24,CLARITY,FOOD_REPLACEMENT,NA,NA,NA,NA,12.76,D12450Hi,24031808i ,,,8/30/24
2421352001,B00002444021,4021,6A,I5,1,2/6/24,M,LFD,22,14,9.21,2.3,2.3,8.8,NA,7/8/24,CLARITY,FOOD_REPLACEMENT,NA,NA,NA,NA,14,D12450Hi,24031808i ,,,8/30/24
2421352001,B00002444022,4022,6A,J5,1,2/6/24,M,LFD,22,14,9.41,1.79,2.5,9.7,NA,7/8/24,CLARITY,FOOD_REPLACEMENT,NA,NA,NA,NA,13.08,D12450Hi,24031808i ,,,8/30/24
2427321001,B00002447858,7858,6A,L5,1,2/27/24,M,HFD,19,11,7.57,1.42,2.1,9.7,NA,7/8/24,CLARITY,FOOD_REPLACEMENT,NA,NA,NA,NA,10.67,D12451i,24030401i,OXA_ANTIBODY_TITRATION,,8/30/24
2427321001,B00002447859,7859,6A,K5,1,2/27/24,M,LFD,19,11,9.34,1.71,2.5,9.7,NA,7/8/24,CLARITY,FOOD_REPLACEMENT,NA,NA,NA,NA,13.08,D12450Hi,24031808i ,OXA_ANTIBODY_TITRATION,,8/30/24
2421352002,B00002444017,4017,6A,L4,1,2/6/24,M,HFD,22.3,14.3,15.16,9.4,2.9,13.6,30.19,7/10/24,CLARITY,CAGE_REPLACEMENT,NA,NA,NA,NA,NA,D12451i,24030401i,,,8/30/24
2421352002,B00002444018,4018,6A,M4,1,2/6/24,M,HFD,22.3,14.3,14.7,11.21,1.7,8.3,26.56,7/10/24,CLARITY,CAGE_REPLACEMENT,NA,NA,NA,NA,NA,D12451i,24030401i,,,8/30/24
2421352001,B00002444019,4019,6A,N4,1,2/6/24,M,HFD,22.3,14.3,14.53,9.78,2.4,11.2,29.54,7/10/24,CLARITY,CAGE_REPLACEMENT,NA,NA,NA,NA,NA,D12451i,24030401i,,,8/30/24
2421352001,B00002444020,4020,6A,H5,1,2/6/24,M,LFD,22.3,14.3,12.76,7.51,2.6,10,25.75,7/10/24,CLARITY,CAGE_REPLACEMENT,NA,NA,NA,NA,NA,D12450Hi,24031808i ,,,8/30/24
2421352001,B00002444021,4021,6A,I5,1,2/6/24,M,LFD,22.3,14.3,14,8.59,2.7,10.3,27.92,7/10/24,CLARITY,CAGE_REPLACEMENT,NA,NA,NA,NA,NA,D12450Hi,24031808i ,,,8/30/24
2421352001,B00002444022,4022,6A,J5,1,2/6/24,M,LFD,22.3,14.3,13.08,6.73,3.2,12.1,31.8,7/10/24,CLARITY,CAGE_REPLACEMENT,NA,NA,NA,NA,NA,D12450Hi,24031808i ,,,8/30/24
2427321001,B00002447858,7858,6A,L5,1,2/27/24,M,HFD,19.3,11.3,10.67,7.02,1.8,8.6,27.86,7/10/24,CLARITY,CAGE_REPLACEMENT,NA,NA,NA,NA,NA,D12451i,24030401i,OXA_ANTIBODY_TITRATION,,8/30/24
2427321001,B00002447859,7859,6A,K5,1,2/27/24,M,LFD,19.3,11.3,13.08,7.92,2.6,9.9,27.32,7/10/24,CLARITY,CAGE_REPLACEMENT,NA,NA,NA,NA,NA,D12450Hi,24031808i ,OXA_ANTIBODY_TITRATION,,8/30/24
2421352002,B00002444017,4017,6A,L4,1,2/6/24,M,HFD,22.5,14.5,9.4,5.9,1.8,8.3,NA,7/12/24,CLARITY,FOOD_REPLACEMENT,NA,NA,NA,NA,10.42,D12451i,24030401i,,,8/30/24
2421352002,B00002444018,4018,6A,M4,1,2/6/24,M,HFD,22.5,14.5,11.21,7.53,1.8,8.7,NA,7/12/24,CLARITY,FOOD_REPLACEMENT,NA,NA,NA,NA,11.37,D12451i,24030401i,,,8/30/24
2421352001,B00002444019,4019,6A,N4,1,2/6/24,M,HFD,22.5,14.5,9.78,5.83,2,9.3,NA,7/12/24,CLARITY,FOOD_REPLACEMENT,NA,NA,NA,NA,10.74,D12451i,24030401i,,,8/30/24
2421352001,B00002444020,4020,6A,H5,1,2/6/24,M,LFD,22.5,14.5,7.51,3.39,2.1,7.9,NA,7/12/24,CLARITY,FOOD_REPLACEMENT,NA,NA,NA,NA,11.26,D12450Hi,24031808i ,,,8/30/24
2421352001,B00002444021,4021,6A,I5,1,2/6/24,M,LFD,22.5,14.5,8.59,2.92,2.8,10.8,NA,7/12/24,CLARITY,FOOD_REPLACEMENT,NA,NA,NA,NA,12.28,D12450Hi,24031808i ,,,8/30/24
2421352001,B00002444022,4022,6A,J5,1,2/6/24,M,LFD,22.5,14.5,6.73,1.89,2.4,9.2,NA,7/12/24,CLARITY,FOOD_REPLACEMENT,NA,NA,NA,NA,14.04,D12450Hi,24031808i ,,,8/30/24
2427321001,B00002447858,7858,6A,L5,1,2/27/24,M,HFD,19.5,11.5,7.02,3.8,1.6,7.6,NA,7/12/24,CLARITY,FOOD_REPLACEMENT,NA,NA,NA,NA,10.46,D12451i,24030401i,OXA_ANTIBODY_TITRATION,,8/30/24
2427321001,B00002447859,7859,6A,K5,1,2/27/24,M,LFD,19.5,11.5,7.92,3.3,2.3,8.8,NA,7/12/24,CLARITY,FOOD_REPLACEMENT,NA,NA,NA,NA,13.38,D12450Hi,24031808i ,OXA_ANTIBODY_TITRATION,,8/30/24
2421352002,B00002444017,4017,6A,L4,1,2/6/24,M,HFD,23,15,10.42,4.63,1.9,9.1,NA,7/15/24,CLARITY,FOOD_REPLACEMENT,NA,NA,NA,NA,10.6,D12451i,24030401i,,,8/30/24
2421352002,B00002444018,4018,6A,M4,1,2/6/24,M,HFD,23,15,11.37,5.65,1.9,9,NA,7/15/24,CLARITY,FOOD_REPLACEMENT,NA,NA,NA,NA,12.71,D12451i,24030401i,,,8/30/24
2421352001,B00002444019,4019,6A,N4,1,2/6/24,M,HFD,23,15,10.74,5.45,1.8,8.3,NA,7/15/24,CLARITY,FOOD_REPLACEMENT,NA,NA,NA,NA,10.15,D12451i,24030401i,,,8/30/24
2421352001,B00002444020,4020,6A,H5,1,2/6/24,M,LFD,23,15,11.26,3.11,2.7,10.4,NA,7/15/24,CLARITY,FOOD_REPLACEMENT,NA,NA,NA,NA,14.37,D12450Hi,24031808i ,,,8/30/24
2421352001,B00002444021,4021,6A,I5,1,2/6/24,M,LFD,23,15,12.28,6.05,2.1,7.9,NA,7/15/24,CLARITY,FOOD_REPLACEMENT,NA,NA,NA,NA,12.55,D12450Hi,24031808i ,,,8/30/24
2421352001,B00002444022,4022,6A,J5,1,2/6/24,M,LFD,23,15,14.04,5.38,2.9,11,NA,7/15/24,CLARITY,FOOD_REPLACEMENT,NA,NA,NA,NA,15.82,D12450Hi,24031808i ,,,8/30/24
2427321001,B00002447858,7858,6A,L5,1,2/27/24,M,HFD,20,12,10.46,4.82,1.9,8.9,NA,7/15/24,CLARITY,FOOD_REPLACEMENT,NA,NA,NA,NA,10.25,D12451i,24030401i,OXA_ANTIBODY_TITRATION,,8/30/24
2427321001,B00002447859,7859,6A,K5,1,2/27/24,M,LFD,20,12,13.38,6.2,2.4,9.1,NA,7/15/24,CLARITY,FOOD_REPLACEMENT,NA,NA,NA,NA,14.1,D12450Hi,24031808i ,OXA_ANTIBODY_TITRATION,,8/30/24
2421352002,B00002444017,4017,6A,L4,1,2/6/24,M,HFD,23.3,15.3,10.6,5.28,2.7,12.6,30.35,7/17/24,CLARITY,NA,NA,NA,NA,NA,NA,D12451i,24030401i,,,8/30/24
2421352002,B00002444018,4018,6A,M4,1,2/6/24,M,HFD,23.3,15.3,12.71,7.92,2.4,11.3,27.25,7/17/24,CLARITY,NA,NA,NA,NA,NA,NA,D12451i,24030401i,,,8/30/24
2421352001,B00002444019,4019,6A,N4,1,2/6/24,M,HFD,23.3,15.3,10.15,5.26,2.4,11.6,28.66,7/17/24,CLARITY,NA,NA,NA,NA,NA,NA,D12451i,24030401i,,,8/30/24
2421352001,B00002444020,4020,6A,H5,1,2/6/24,M,LFD,23.3,15.3,14.37,8.75,2.8,10.7,26.15,7/17/24,CLARITY,NA,NA,NA,NA,NA,NA,D12450Hi,24031808i ,,,8/30/24
2421352001,B00002444021,4021,6A,I5,1,2/6/24,M,LFD,23.3,15.3,12.55,6.39,3.1,11.8,28.2,7/17/24,CLARITY,NA,NA,NA,NA,NA,NA,D12450Hi,24031808i ,,,8/30/24
2421352001,B00002444022,4022,6A,J5,1,2/6/24,M,LFD,23.3,15.3,15.82,10.54,2.6,10.1,31.98,7/17/24,CLARITY,NA,NA,NA,NA,NA,NA,D12450Hi,24031808i ,,,8/30/24
2427321001,B00002447858,7858,6A,L5,1,2/27/24,M,HFD,20.3,12.3,10.25,5.63,2.3,10.9,27.74,7/17/24,CLARITY,NA,NA,NA,NA,NA,NA,D12451i,24030401i,OXA_ANTIBODY_TITRATION,,8/30/24
2427321001,B00002447859,7859,6A,K5,1,2/27/24,M,LFD,20.3,12.3,14.1,8.2,3,11.3,27.42,7/17/24,CLARITY,NA,NA,NA,NA,NA,NA,D12450Hi,24031808i ,OXA_ANTIBODY_TITRATION,,8/30/24
2421352002,B00002444017,4017,6A,L4,1,2/6/24,M,HFD,23.5,15.5,8.83,4.24,2.3,10.9,NA,7/19/24,CLARITY,FOOD_REPLACEMENT,NA,NA,NA,NA,10.6,D12451i,24030401i,,,8/30/24
2421352002,B00002444018,4018,6A,M4,1,2/6/24,M,HFD,23.5,15.5,7.92,4.75,1.6,7.5,NA,7/19/24,CLARITY,FOOD_REPLACEMENT,NA,NA,NA,NA,10.9,D12451i,24030401i,,,8/30/24
2421352001,B00002444019,4019,6A,N4,1,2/6/24,M,HFD,23.5,15.5,9.13,5.04,2,9.7,NA,7/19/24,CLARITY,FOOD_REPLACEMENT,NA,NA,NA,NA,9.4,D12451i,24030401i,,,8/30/24
2421352001,B00002444020,4020,6A,H5,1,2/6/24,M,LFD,23.5,15.5,8.75,3.5,2.6,10,NA,7/19/24,CLARITY,FOOD_REPLACEMENT,NA,NA,NA,NA,11.1,D12450Hi,24031808i ,,,8/30/24
2421352001,B00002444021,4021,6A,I5,1,2/6/24,M,LFD,23.5,15.5,9.82,4.57,2.6,10,NA,7/19/24,CLARITY,FOOD_REPLACEMENT,NA,NA,NA,NA,11.91,D12450Hi,24031808i ,,,8/30/24
2421352001,B00002444022,4022,6A,J5,1,2/6/24,M,LFD,23.5,15.5,10.54,4.11,3.2,12.3,NA,7/19/24,CLARITY,FOOD_REPLACEMENT,NA,NA,NA,NA,12.25,D12450Hi,24031808i ,,,8/30/24
2427321001,B00002447858,7858,6A,L5,1,2/27/24,M,HFD,20.5,12.5,8.89,4.45,2.2,10.5,NA,7/19/24,CLARITY,FOOD_REPLACEMENT,NA,NA,NA,NA,10.96,D12451i,24030401i,OXA_ANTIBODY_TITRATION,,8/30/24
2427321001,B00002447859,7859,6A,K5,1,2/27/24,M,LFD,20.5,12.5,8.2,3.01,2.6,9.9,NA,7/19/24,CLARITY,FOOD_REPLACEMENT,NA,NA,NA,NA,12.77,D12450Hi,24031808i ,OXA_ANTIBODY_TITRATION,,8/30/24
2421352002,B00002444017,4017,6A,L4,1,2/6/24,M,HFD,24,16,10.6,4.21,2.1,10.1,NA,7/22/24,CLARITY,FOOD_REPLACEMENT,NA,NA,NA,NA,13.13,D12451i,24030401i,,,8/30/24
2421352002,B00002444018,4018,6A,M4,1,2/6/24,M,HFD,24,16,10.9,4.35,2.2,10.3,NA,7/22/24,CLARITY,FOOD_REPLACEMENT,NA,NA,NA,NA,11.86,D12451i,24030401i,,,8/30/24
2421352001,B00002444019,4019,6A,N4,1,2/6/24,M,HFD,24,16,9.4,2.71,2.2,10.5,NA,7/22/24,CLARITY,FOOD_REPLACEMENT,NA,NA,NA,NA,11.17,D12451i,24030401i,,,8/30/24
2421352001,B00002444020,4020,6A,H5,1,2/6/24,M,LFD,24,16,11.1,3.15,2.7,10.1,NA,7/22/24,CLARITY,FOOD_REPLACEMENT,NA,NA,NA,NA,12.97,D12450Hi,24031808i ,,,8/30/24
2421352001,B00002444021,4021,6A,I5,1,2/6/24,M,LFD,24,16,11.91,3.1,2.9,11.2,NA,7/22/24,CLARITY,FOOD_REPLACEMENT,NA,NA,NA,NA,16.77,D12450Hi,24031808i ,,,8/30/24
2421352001,B00002444022,4022,6A,J5,1,2/6/24,M,LFD,24,16,12.25,3.63,2.9,11,NA,7/22/24,CLARITY,FOOD_REPLACEMENT,NA,NA,NA,NA,15.24,D12450Hi,24031808i ,,,8/30/24
2427321001,B00002447858,7858,6A,L5,1,2/27/24,M,HFD,21,13,10.96,5.16,1.9,9.1,NA,7/22/24,CLARITY,FOOD_REPLACEMENT,NA,NA,NA,NA,12.9,D12451i,24030401i,OXA_ANTIBODY_TITRATION,,8/30/24
2427321001,B00002447859,7859,6A,K5,1,2/27/24,M,LFD,21,13,12.77,5.32,2.5,9.5,NA,7/22/24,CLARITY,FOOD_REPLACEMENT,NA,NA,NA,NA,12.86,D12450Hi,24031808i ,OXA_ANTIBODY_TITRATION,,8/30/24
2421352002,B00002444017,4017,6A,L4,1,2/6/24,M,HFD,24.3,16.3,13.13,7.62,2.8,13,31.08,7/24/24,CLARITY,NA,NA,NA,NA,NA,NA,D12451i,24030401i,,,8/30/24
2421352002,B00002444018,4018,6A,M4,1,2/6/24,M,HFD,24.3,16.3,11.86,7.38,2.2,10.6,27.82,7/24/24,CLARITY,NA,NA,NA,NA,NA,NA,D12451i,24030401i,,,8/30/24
2421352001,B00002444019,4019,6A,N4,1,2/6/24,M,HFD,24.3,16.3,11.17,6.26,2.5,11.6,28.9,7/24/24,CLARITY,NA,NA,NA,NA,NA,NA,D12451i,24030401i,,,8/30/24
2421352001,B00002444020,4020,6A,H5,1,2/6/24,M,LFD,24.3,16.3,12.97,8.08,2.4,9.3,25.85,7/24/24,CLARITY,NA,NA,NA,NA,NA,NA,D12450Hi,24031808i ,,,8/30/24
2421352001,B00002444021,4021,6A,I5,1,2/6/24,M,LFD,24.3,16.3,16.77,10.52,3.1,11.9,28.71,7/24/24,CLARITY,NA,NA,NA,NA,NA,NA,D12450Hi,24031808i ,,,8/30/24
2421352001,B00002444022,4022,6A,J5,1,2/6/24,M,LFD,24.3,16.3,15.24,9.52,2.9,10.9,32.5,7/24/24,CLARITY,NA,NA,NA,NA,NA,NA,D12450Hi,24031808i ,,,8/30/24
2427321001,B00002447858,7858,6A,L5,1,2/27/24,M,HFD,21.3,13.3,12.9,9.13,1.9,8.9,27.53,7/24/24,CLARITY,NA,NA,NA,NA,NA,NA,D12451i,24030401i,OXA_ANTIBODY_TITRATION,,8/30/24
2427321001,B00002447859,7859,6A,K5,1,2/27/24,M,LFD,21.3,13.3,12.86,6.82,3,11.5,27.69,7/24/24,CLARITY,NA,NA,NA,NA,NA,NA,D12450Hi,24031808i ,OXA_ANTIBODY_TITRATION,,8/30/24
2421352002,B00002444017,4017,6A,L4,1,2/6/24,M,HFD,24.5,16.5,7.62,4.38,1.6,7.7,NA,7/26/24,CLARITY,FOOD_REPLACEMENT,NA,NA,NA,NA,6.02,D12451i,24030401i,,,8/30/24
2421352002,B00002444018,4018,6A,M4,1,2/6/24,M,HFD,24.5,16.5,7.38,4.73,1.3,6.3,NA,7/26/24,CLARITY,FOOD_REPLACEMENT,NA,NA,NA,NA,5.83,D12451i,24030401i,,,8/30/24
2421352001,B00002444019,4019,6A,N4,1,2/6/24,M,HFD,24.5,16.5,6.26,2.29,2,9.4,NA,7/26/24,CLARITY,FOOD_REPLACEMENT,NA,NA,NA,NA,6.06,D12451i,24030401i,,,8/30/24
2421352001,B00002444020,4020,6A,H5,1,2/6/24,M,LFD,24.5,16.5,8.08,2.85,2.6,10,NA,7/26/24,CLARITY,NA,NA,NA,NA,NA,8.69,D12450Hi,24031808i ,,,8/30/24
2421352001,B00002444021,4021,6A,I5,1,2/6/24,M,LFD,24.5,16.5,10.52,5.34,2.6,9.9,NA,7/26/24,CLARITY,NA,NA,NA,NA,NA,8.32,D12450Hi,24031808i ,,,8/30/24
2421352001,B00002444022,4022,6A,J5,1,2/6/24,M,LFD,24.5,16.5,9.52,3.02,3.3,12.4,NA,7/26/24,CLARITY,NA,NA,NA,NA,NA,10.02,D12450Hi,24031808i ,,,8/30/24
2427321001,B00002447858,7858,6A,L5,1,2/27/24,M,HFD,21.5,13.5,9.13,4.6,2.3,10.7,NA,7/26/24,CLARITY,FOOD_REPLACEMENT,NA,NA,NA,NA,7.28,D12451i,24030401i,OXA_ANTIBODY_TITRATION,,8/30/24
2427321001,B00002447859,7859,6A,K5,1,2/27/24,M,LFD,21.5,13.5,6.82,2.04,2.4,9.1,NA,7/26/24,CLARITY,NA,NA,NA,NA,NA,8.96,D12450Hi,24031808i ,OXA_ANTIBODY_TITRATION,,8/30/24
2421352002,B00002444017,4017,6A,L4,1,2/6/24,M,HFD,25,17,6.02,0,2,9.5,NA,7/29/24,CLARITY,FOOD_REPLACEMENT,NA,NA,NA,NA,13.13,D12451i,24030401i,,,8/30/24
2421352002,B00002444018,4018,6A,M4,1,2/6/24,M,HFD,25,17,5.83,0,1.9,9.2,NA,7/29/24,CLARITY,FOOD_REPLACEMENT,NA,NA,NA,NA,14.4,D12451i,24030401i,,,8/30/24
2421352001,B00002444019,4019,6A,N4,1,2/6/24,M,HFD,25,17,6.06,0,2,9.6,NA,7/29/24,CLARITY,FOOD_REPLACEMENT,NA,NA,NA,NA,13.81,D12451i,24030401i,,,8/30/24
2421352001,B00002444020,4020,6A,H5,1,2/6/24,M,LFD,25,17,8.69,1.43,2.4,9.2,NA,7/29/24,CLARITY,FOOD_REPLACEMENT,NA,NA,NA,NA,11.93,D12450Hi,24031808i ,,,8/30/24
2421352001,B00002444021,4021,6A,I5,1,2/6/24,M,LFD,25,17,8.32,1.34,2.3,8.9,NA,7/29/24,CLARITY,FOOD_REPLACEMENT,NA,NA,NA,NA,11.35,D12450Hi,24031808i ,,,8/30/24
2421352001,B00002444022,4022,6A,J5,1,2/6/24,M,LFD,25,17,10.02,2.46,2.5,9.6,NA,7/29/24,CLARITY,FOOD_REPLACEMENT,NA,NA,NA,NA,12.15,D12450Hi,24031808i ,,,8/30/24
2427321001,B00002447858,7858,6A,L5,1,2/27/24,M,HFD,22,14,7.28,2.33,1.7,7.8,NA,7/29/24,CLARITY,FOOD_REPLACEMENT,NA,NA,NA,NA,11.3,D12451i,24030401i,OXA_ANTIBODY_TITRATION,,8/30/24
2427321001,B00002447859,7859,6A,K5,1,2/27/24,M,LFD,22,14,8.96,1.96,2.3,8.9,NA,7/29/24,CLARITY,FOOD_REPLACEMENT,NA,NA,NA,NA,11.13,D12450Hi,24031808i ,OXA_ANTIBODY_TITRATION,,8/30/24
2421352002,B00002444017,4017,6A,L4,1,2/6/24,M,HFD,25.3,17.3,13.13,8.07,2.5,12,31.03,7/31/24,CLARITY,CAGE_REPLACEMENT,NA,NA,NA,NA,NA,D12451i,24030401i,,,8/30/24
2421352002,B00002444018,4018,6A,M4,1,2/6/24,M,HFD,25.3,17.3,14.4,10.37,2,9.5,26.83,7/31/24,CLARITY,CAGE_REPLACEMENT,NA,NA,NA,NA,NA,D12451i,24030401i,,,8/30/24
2421352001,B00002444019,4019,6A,N4,1,2/6/24,M,HFD,25.3,17.3,13.81,8.93,2.4,11.5,29.36,7/31/24,CLARITY,CAGE_REPLACEMENT,NA,NA,NA,NA,NA,D12451i,24030401i,,,8/30/24
2421352001,B00002444020,4020,6A,H5,1,2/6/24,M,LFD,25.3,17.3,11.93,9.11,1.4,5.4,26.84,7/31/24,CLARITY,CAGE_REPLACEMENT,NA,NA,NA,NA,NA,D12450Hi,24031808i ,,,8/30/24
2421352001,B00002444021,4021,6A,I5,1,2/6/24,M,LFD,25.3,17.3,11.35,8.39,1.5,5.7,29.02,7/31/24,CLARITY,CAGE_REPLACEMENT,NA,NA,NA,NA,NA,D12450Hi,24031808i ,,,8/30/24
2421352001,B00002444022,4022,6A,J5,1,2/6/24,M,LFD,25.3,17.3,12.15,6.83,2.7,10.2,32.6,7/31/24,CLARITY,CAGE_REPLACEMENT,NA,NA,NA,NA,NA,D12450Hi,24031808i ,,,8/30/24
2427321001,B00002447858,7858,6A,L5,1,2/27/24,M,HFD,22.3,14.3,11.3,6.7,2.3,10.9,27.7,7/31/24,CLARITY,CAGE_REPLACEMENT,NA,NA,NA,NA,NA,D12451i,24030401i,OXA_ANTIBODY_TITRATION,,8/30/24
2427321001,B00002447859,7859,6A,K5,1,2/27/24,M,LFD,22.3,14.3,11.13,6.47,2.3,8.9,26.5,7/31/24,CLARITY,CAGE_REPLACEMENT,NA,NA,NA,NA,NA,D12450Hi,24031808i ,OXA_ANTIBODY_TITRATION,,8/30/24
2421352002,B00002444017,4017,6A,L4,1,2/6/24,M,HFD,25.5,17.5,8.07,4.11,2,9.4,NA,8/2/24,CLARITY,FOOD_REPLACEMENT,NA,NA,NA,NA,11,D12451i,24030401i,,,8/30/24
2421352002,B00002444018,4018,6A,M4,1,2/6/24,M,HFD,25.5,17.5,10.37,7.85,1.3,6,NA,8/2/24,CLARITY,FOOD_REPLACEMENT,NA,NA,NA,NA,10.9,D12451i,24030401i,,,8/30/24
2421352001,B00002444019,4019,6A,N4,1,2/6/24,M,HFD,25.5,17.5,8.93,5.78,1.6,7.4,NA,8/2/24,CLARITY,FOOD_REPLACEMENT,NA,NA,NA,NA,10.6,D12451i,24030401i,,,8/30/24
2421352001,B00002444020,4020,6A,H5,1,2/6/24,M,LFD,25.5,17.5,9.11,5.73,1.7,6.5,NA,8/2/24,CLARITY,FOOD_REPLACEMENT,NA,NA,NA,NA,10,D12450Hi,24031808i ,,,8/30/24
2421352001,B00002444021,4021,6A,I5,1,2/6/24,M,LFD,25.5,17.5,8.39,2.94,2.7,10.4,NA,8/2/24,CLARITY,FOOD_REPLACEMENT,NA,NA,NA,NA,12.5,D12450Hi,24031808i ,,,8/30/24
2421352001,B00002444022,4022,6A,J5,1,2/6/24,M,LFD,25.5,17.5,6.83,1.79,2.5,9.6,NA,8/2/24,CLARITY,FOOD_REPLACEMENT,NA,NA,NA,NA,12,D12450Hi,24031808i ,,,8/30/24
2427321001,B00002447858,7858,6A,L5,1,2/27/24,M,HFD,22.5,14.5,6.7,2.92,1.9,8.9,NA,8/2/24,CLARITY,FOOD_REPLACEMENT,NA,NA,NA,NA,10.7,D12451i,24030401i,OXA_ANTIBODY_TITRATION,,8/30/24
2427321001,B00002447859,7859,6A,K5,1,2/27/24,M,LFD,22.5,14.5,6.47,1.48,2.5,9.5,NA,8/2/24,CLARITY,FOOD_REPLACEMENT,NA,NA,NA,NA,10.8,D12450Hi,24031808i ,OXA_ANTIBODY_TITRATION,,8/30/24
2421352002,B00002444017,4017,6A,L4,1,2/6/24,M,HFD,26,18,11,4.77,2.1,9.8,NA,8/5/24,CLARITY,FOOD_REPLACEMENT,NA,NA,NA,NA,11.4,D12451i,24030401i,,,8/30/24
2421352002,B00002444018,4018,6A,M4,1,2/6/24,M,HFD,26,18,10.9,5.52,1.8,8.5,NA,8/5/24,CLARITY,FOOD_REPLACEMENT,NA,NA,NA,NA,10.6,D12451i,24030401i,,,8/30/24
2421352001,B00002444019,4019,6A,N4,1,2/6/24,M,HFD,26,18,10.6,4.63,2,9.4,NA,8/5/24,CLARITY,FOOD_REPLACEMENT,NA,NA,NA,NA,12,D12451i,24030401i,,,8/30/24
2421352001,B00002444020,4020,6A,H5,1,2/6/24,M,LFD,26,18,10,2.09,2.6,10,NA,8/5/24,CLARITY,FOOD_REPLACEMENT,NA,NA,NA,NA,14.3,D12450Hi,24031808i ,,,8/30/24
2421352001,B00002444021,4021,6A,I5,1,2/6/24,M,LFD,26,18,12.5,4.26,2.8,10.5,NA,8/5/24,CLARITY,FOOD_REPLACEMENT,NA,NA,NA,NA,14.2,D12450Hi,24031808i ,,,8/30/24
2421352001,B00002444022,4022,6A,J5,1,2/6/24,M,LFD,26,18,12,3.64,2.8,10.6,NA,8/5/24,CLARITY,FOOD_REPLACEMENT,NA,NA,NA,NA,14.4,D12450Hi,24031808i ,,,8/30/24
2427321001,B00002447858,7858,6A,L5,1,2/27/24,M,HFD,23,15,10.7,2.7,2.7,12.6,NA,8/5/24,CLARITY,FOOD_REPLACEMENT,NA,NA,NA,NA,14.2,D12451i,24030401i,OXA_ANTIBODY_TITRATION,,8/30/24
2427321001,B00002447859,7859,6A,K5,1,2/27/24,M,LFD,23,15,10.8,3.03,2.6,9.9,NA,8/5/24,CLARITY,FOOD_REPLACEMENT,NA,NA,NA,NA,12.6,D12450Hi,24031808i ,OXA_ANTIBODY_TITRATION,,8/30/24
2421352002,B00002444017,4017,6A,L4,1,2/6/24,M,HFD,26.3,18.3,11.4,6.76,2.3,11,31.3,8/7/24,CLARITY,NA,NA,NA,NA,NA,NA,D12451i,24030401i,,,8/30/24
2421352002,B00002444018,4018,6A,M4,1,2/6/24,M,HFD,26.3,18.3,10.6,5.91,2.3,11,27,8/7/24,CLARITY,NA,NA,NA,NA,NA,NA,D12451i,24030401i,,,8/30/24
2421352001,B00002444019,4019,6A,N4,1,2/6/24,M,HFD,26.3,18.3,12,8.28,1.9,8.9,28,8/7/24,CLARITY,NA,NA,NA,NA,NA,NA,D12451i,24030401i,,,8/30/24
2421352001,B00002444020,4020,6A,H5,1,2/6/24,M,LFD,26.3,18.3,14.3,8.53,2.9,11,26.1,8/7/24,CLARITY,NA,NA,NA,NA,NA,NA,D12450Hi,24031808i ,,,8/30/24
2421352001,B00002444021,4021,6A,I5,1,2/6/24,M,LFD,26.3,18.3,14.2,7.46,3.4,12.8,29.3,8/7/24,CLARITY,NA,NA,NA,NA,NA,NA,D12450Hi,24031808i ,,,8/30/24
2421352001,B00002444022,4022,6A,J5,1,2/6/24,M,LFD,26.3,18.3,14.4,8.16,3.1,11.9,33.3,8/7/24,CLARITY,NA,NA,NA,NA,NA,NA,D12450Hi,24031808i ,,,8/30/24
2427321001,B00002447858,7858,6A,L5,1,2/27/24,M,HFD,23.3,15.3,14.2,9.36,2.4,11.5,29.6,8/7/24,CLARITY,NA,NA,NA,NA,NA,NA,D12451i,24030401i,OXA_ANTIBODY_TITRATION,,8/30/24
2427321001,B00002447859,7859,6A,K5,1,2/27/24,M,LFD,23.3,15.3,12.6,7.4,2.6,10,26.9,8/7/24,CLARITY,NA,NA,NA,NA,NA,NA,D12450Hi,24031808i ,OXA_ANTIBODY_TITRATION,,8/30/24
2421352002,B00002444017,4017,6A,L4,1,2/6/24,M,HFD,26.5,18.5,6.76,3.55,1.6,7.6,NA,8/9/24,CLARITY,FOOD_REPLACEMENT,NA,NA,NA,NA,7.4,D12451i,24030401i,,,8/30/24
2421352002,B00002444018,4018,6A,M4,1,2/6/24,M,HFD,26.5,18.5,5.91,3.04,1.4,6.8,NA,8/9/24,CLARITY,FOOD_REPLACEMENT,NA,NA,NA,NA,7.1,D12451i,24030401i,,,8/30/24
2421352001,B00002444019,4019,6A,N4,1,2/6/24,M,HFD,26.5,18.5,8.28,3.4,2.4,11.5,NA,8/9/24,CLARITY,FOOD_REPLACEMENT,NA,NA,NA,NA,11.6,D12451i,24030401i,,,8/30/24
2421352001,B00002444020,4020,6A,H5,1,2/6/24,M,LFD,26.5,18.5,8.53,3.08,2.7,10.4,NA,8/9/24,CLARITY,FOOD_REPLACEMENT,NA,NA,NA,NA,11.4,D12450Hi,24031808i ,,,8/30/24
2421352001,B00002444021,4021,6A,I5,1,2/6/24,M,LFD,26.5,18.5,7.46,2.87,2.3,8.8,NA,8/9/24,CLARITY,FOOD_REPLACEMENT,NA,NA,NA,NA,11.3,D12450Hi,24031808i ,,,8/30/24
2421352001,B00002444022,4022,6A,J5,1,2/6/24,M,LFD,26.5,18.5,8.16,2.14,3,11.5,NA,8/9/24,CLARITY,FOOD_REPLACEMENT,NA,NA,NA,NA,13.6,D12450Hi,24031808i ,,,8/30/24
2427321001,B00002447858,7858,6A,L5,1,2/27/24,M,HFD,23.5,15.5,9.36,6.58,1.4,6.6,NA,8/9/24,CLARITY,FOOD_REPLACEMENT,NA,NA,NA,NA,7.9,D12451i,24030401i,OXA_ANTIBODY_TITRATION,,8/30/24
2427321001,B00002447859,7859,6A,K5,1,2/27/24,M,LFD,23.5,15.5,7.4,2.81,2.3,8.8,NA,8/9/24,CLARITY,FOOD_REPLACEMENT,NA,NA,NA,NA,11.7,D12450Hi,24031808i ,OXA_ANTIBODY_TITRATION,,8/30/24
2421352002,B00002444017,4017,6A,L4,1,2/6/24,M,HFD,27,19,7.4,0.67,2.2,10.5,NA,8/12/24,CLARITY,FOOD_REPLACEMENT,NA,NA,NA,NA,12.97,D12451i,24030401i,,,8/30/24
2421352002,B00002444018,4018,6A,M4,1,2/6/24,M,HFD,27,19,7.1,1.65,1.8,8.5,NA,8/12/24,CLARITY,FOOD_REPLACEMENT,NA,NA,NA,NA,10.4,D12451i,24030401i,,,8/30/24
2421352001,B00002444019,4019,6A,N4,1,2/6/24,M,HFD,27,19,11.6,5.09,2.2,10.2,NA,8/12/24,CLARITY,FOOD_REPLACEMENT,NA,NA,NA,NA,11.31,D12451i,24030401i,,,8/30/24
2421352001,B00002444020,4020,6A,H5,1,2/6/24,M,LFD,27,19,11.4,4.47,2.3,8.9,NA,8/12/24,CLARITY,FOOD_REPLACEMENT,NA,NA,NA,NA,15.78,D12450Hi,24031808i ,,,8/30/24
2421352001,B00002444021,4021,6A,I5,1,2/6/24,M,LFD,27,19,11.3,3.08,2.7,10.5,NA,8/12/24,CLARITY,FOOD_REPLACEMENT,NA,NA,NA,NA,15.08,D12450Hi,24031808i ,,,8/30/24
2421352001,B00002444022,4022,6A,J5,1,2/6/24,M,LFD,27,19,13.6,5.07,2.8,10.9,NA,8/12/24,CLARITY,FOOD_REPLACEMENT,NA,NA,NA,NA,15.65,D12450Hi,24031808i ,,,8/30/24
2427321001,B00002447858,7858,6A,L5,1,2/27/24,M,HFD,24,16,7.9,1.88,2,9.5,NA,8/12/24,CLARITY,FOOD_REPLACEMENT,NA,NA,NA,NA,11.95,D12451i,24030401i,OXA_ANTIBODY_TITRATION,,8/30/24
2427321001,B00002447859,7859,6A,K5,1,2/27/24,M,LFD,24,16,11.7,3.76,2.6,10.1,NA,8/12/24,CLARITY,FOOD_REPLACEMENT,NA,NA,NA,NA,16.06,D12450Hi,24031808i ,OXA_ANTIBODY_TITRATION,,8/30/24
2421352002,B00002444017,4017,6A,L4,1,2/6/24,M,HFD,27.3,19.3,12.97,8.72,2.1,10.1,30.9,8/14/24,CLARITY,NA,NA,NA,NA,NA,NA,D12451i,24030401i,,,8/30/24
2421352002,B00002444018,4018,6A,M4,1,2/6/24,M,HFD,27.3,19.3,10.4,4.54,2.9,13.9,27.9,8/14/24,CLARITY,NA,NA,NA,NA,NA,NA,D12451i,24030401i,,,8/30/24
2421352001,B00002444019,4019,6A,N4,1,2/6/24,M,HFD,27.3,19.3,11.31,6.9,2.2,10.4,29.2,8/14/24,CLARITY,NA,NA,NA,NA,NA,NA,D12451i,24030401i,,,8/30/24
2421352001,B00002444020,4020,6A,H5,1,2/6/24,M,LFD,27.3,19.3,15.78,9.77,3,11.5,26.9,8/14/24,CLARITY,NA,NA,NA,NA,NA,NA,D12450Hi,24031808i ,,,8/30/24
2421352001,B00002444021,4021,6A,I5,1,2/6/24,M,LFD,27.3,19.3,15.08,9.28,2.9,11.1,29.8,8/14/24,CLARITY,NA,NA,NA,NA,NA,NA,D12450Hi,24031808i ,,,8/30/24
2421352001,B00002444022,4022,6A,J5,1,2/6/24,M,LFD,27.3,19.3,15.65,9.98,2.8,10.8,33.8,8/14/24,CLARITY,NA,NA,NA,NA,NA,NA,D12450Hi,24031808i ,,,8/30/24
2427321001,B00002447858,7858,6A,L5,1,2/27/24,M,HFD,24.3,16.3,11.95,6.31,2.8,13.3,30.6,8/14/24,CLARITY,NA,NA,NA,NA,NA,NA,D12451i,24030401i,OXA_ANTIBODY_TITRATION,,8/30/24
2427321001,B00002447859,7859,6A,K5,1,2/27/24,M,LFD,24.3,16.3,16.06,9.81,3.1,11.9,28.3,8/14/24,CLARITY,NA,NA,NA,NA,NA,NA,D12450Hi,24031808i ,OXA_ANTIBODY_TITRATION,,8/30/24
2421352002,B00002444017,4017,6A,L4,1,2/6/24,M,HFD,27.5,19.5,8.72,5.15,1.8,8.4,NA,8/16/24,CLARITY,FOOD_REPLACEMENT,NA,NA,NA,NA,10.7,D12451i,24030401i,,,8/30/24
2421352002,B00002444018,4018,6A,M4,1,2/6/24,M,HFD,27.5,19.5,8.39,5.26,1.6,7.4,NA,8/16/24,CLARITY,FOOD_REPLACEMENT,NA,NA,NA,NA,10.12,D12451i,24030401i,,,8/30/24
2421352001,B00002444019,4019,6A,N4,1,2/6/24,M,HFD,27.5,19.5,6.9,3.06,1.9,9.1,NA,8/16/24,CLARITY,FOOD_REPLACEMENT,NA,NA,NA,NA,11.83,D12451i,24030401i,,,8/30/24
2421352001,B00002444020,4020,6A,H5,1,2/6/24,M,LFD,27.5,19.5,9.77,4.14,2.8,10.8,NA,8/16/24,CLARITY,FOOD_REPLACEMENT,NA,NA,NA,NA,12.39,D12450Hi,24031808i ,,,8/30/24
2421352001,B00002444021,4021,6A,I5,1,2/6/24,M,LFD,27.5,19.5,9.28,4.26,2.5,9.6,NA,8/16/24,CLARITY,FOOD_REPLACEMENT,NA,NA,NA,NA,13.38,D12450Hi,24031808i ,,,8/30/24
2421352001,B00002444022,4022,6A,J5,1,2/6/24,M,LFD,27.5,19.5,9.98,4.52,2.7,10.4,NA,8/16/24,CLARITY,FOOD_REPLACEMENT,NA,NA,NA,NA,11.06,D12450Hi,24031808i ,,,8/30/24
2427321001,B00002447858,7858,6A,L5,1,2/27/24,M,HFD,24.5,16.5,9.95,6.13,1.9,9,NA,8/16/24,CLARITY,FOOD_REPLACEMENT,NA,NA,NA,NA,10.3,D12451i,24030401i,OXA_ANTIBODY_TITRATION,,8/30/24
2427321001,B00002447859,7859,6A,K5,1,2/27/24,M,LFD,24.5,16.5,9.81,4.1,2.9,10.9,NA,8/16/24,CLARITY,FOOD_REPLACEMENT,NA,NA,NA,NA,12.45,D12450Hi,24031808i ,OXA_ANTIBODY_TITRATION,,8/30/24
2421352002,B00002444017,4017,6A,L4,1,2/6/24,M,HFD,28,20,10.7,3.3,2.5,11.7,NA,8/19/24,CLARITY,FOOD_REPLACEMENT,NA,NA,NA,NA,16.21,D12451i,24030401i,,,8/30/24
2421352002,B00002444018,4018,6A,M4,1,2/6/24,M,HFD,28,20,10.12,4.23,2,9.3,NA,8/19/24,CLARITY,FOOD_REPLACEMENT,NA,NA,NA,NA,12.05,D12451i,24030401i,,,8/30/24
2421352001,B00002444019,4019,6A,N4,1,2/6/24,M,HFD,28,20,11.83,4.58,2.4,11.4,NA,8/19/24,CLARITY,FOOD_REPLACEMENT,NA,NA,NA,NA,13.82,D12451i,24030401i,,,8/30/24
2421352001,B00002444020,4020,6A,H5,1,2/6/24,M,LFD,28,20,12.39,4.4,2.7,10.2,NA,8/19/24,CLARITY,FOOD_REPLACEMENT,NA,NA,NA,NA,14.31,D12450Hi,24031808i ,,,8/30/24
2421352001,B00002444021,4021,6A,I5,1,2/6/24,M,LFD,28,20,13.38,4.3,3,11.6,NA,8/19/24,CLARITY,FOOD_REPLACEMENT,NA,NA,NA,NA,17.05,D12450Hi,24031808i ,,,8/30/24
2421352001,B00002444022,4022,6A,J5,1,2/6/24,M,LFD,28,20,11.06,2.46,2.9,11,NA,8/19/24,CLARITY,FOOD_REPLACEMENT,NA,NA,NA,NA,15.53,D12450Hi,24031808i ,,,8/30/24
2427321001,B00002447858,7858,6A,L5,1,2/27/24,M,HFD,25,17,10.3,4.24,2,9.6,NA,8/19/24,CLARITY,FOOD_REPLACEMENT,NA,NA,NA,NA,13,D12451i,24030401i,OXA_ANTIBODY_TITRATION,,8/30/24
2427321001,B00002447859,7859,6A,K5,1,2/27/24,M,LFD,25,17,12.45,4.96,2.5,9.5,NA,8/19/24,CLARITY,FOOD_REPLACEMENT,NA,NA,NA,NA,14.38,D12450Hi,24031808i ,OXA_ANTIBODY_TITRATION,,8/30/24
2421352002,B00002444017,4017,6A,L4,1,2/6/24,M,HFD,28.3,20.3,16.21,11.76,2.2,10.5,31.9,8/21/24,CLARITY,NA,NA,NA,NA,NA,,D12451i,24030401i,,,8/30/24
2421352002,B00002444018,4018,6A,M4,1,2/6/24,M,HFD,28.3,20.3,12.05,6.97,2.5,12,28.3,8/21/24,CLARITY,NA,NA,NA,NA,NA,,D12451i,24030401i,,,8/30/24
2421352001,B00002444019,4019,6A,N4,1,2/6/24,M,HFD,28.3,20.3,13.82,9.08,2.4,11.2,29.6,8/21/24,CLARITY,NA,NA,NA,NA,NA,,D12451i,24030401i,,,8/30/24
2421352001,B00002444020,4020,6A,H5,1,2/6/24,M,LFD,28.3,20.3,14.31,8.63,2.8,10.8,27.8,8/21/24,CLARITY,NA,NA,NA,NA,NA,,D12450Hi,24031808i ,,,8/30/24
2421352001,B00002444021,4021,6A,I5,1,2/6/24,M,LFD,28.3,20.3,17.05,10.84,3.1,11.9,30.9,8/21/24,CLARITY,NA,NA,NA,NA,NA,,D12450Hi,24031808i ,,,8/30/24
2421352001,B00002444022,4022,6A,J5,1,2/6/24,M,LFD,28.3,20.3,15.53,9.52,3,11.5,34.1,8/21/24,CLARITY,NA,NA,NA,NA,NA,,D12450Hi,24031808i ,,,8/30/24
2427321001,B00002447858,7858,6A,L5,1,2/27/24,M,HFD,25.3,17.3,13,8.23,2.4,11.3,30.4,8/21/24,CLARITY,NA,NA,NA,NA,NA,,D12451i,24030401i,OXA_ANTIBODY_TITRATION,,8/30/24
2427321001,B00002447859,7859,6A,K5,1,2/27/24,M,LFD,25.3,17.3,14.38,8.37,3,11.5,28.8,8/21/24,CLARITY,NA,NA,NA,NA,NA,,D12450Hi,24031808i ,OXA_ANTIBODY_TITRATION,,8/30/24
2421352002,B00002444017,4017,6A,L4,1,2/6/24,M,HFD,28.5,20.5,11.76,7.33,2.2,10.5,NA,8/23/24,CLARITY,FOOD_REPLACEMENT,NA,NA,NA,NA,9.56,D12451i,24030401i,,,8/30/24
2421352002,B00002444018,4018,6A,M4,1,2/6/24,M,HFD,28.5,20.5,6.97,4.16,1.4,6.6,NA,8/23/24,CLARITY,FOOD_REPLACEMENT,NA,NA,NA,NA,10.18,D12451i,24030401i,,,8/30/24
2421352001,B00002444019,4019,6A,N4,1,2/6/24,M,HFD,28.5,20.5,9.08,5.7,1.7,8,NA,8/23/24,CLARITY,FOOD_REPLACEMENT,NA,NA,NA,NA,10.08,D12451i,24030401i,,,8/30/24
2421352001,B00002444020,4020,6A,H5,1,2/6/24,M,LFD,28.5,20.5,8.63,3.22,2.7,10.3,NA,8/23/24,CLARITY,FOOD_REPLACEMENT,NA,NA,NA,NA,10.46,D12450Hi,24031808i ,,,8/30/24
2421352001,B00002444021,4021,6A,I5,1,2/6/24,M,LFD,28.5,20.5,10.84,5.09,2.9,11,NA,8/23/24,CLARITY,FOOD_REPLACEMENT,NA,NA,NA,NA,12.17,D12450Hi,24031808i ,,,8/30/24
2421352001,B00002444022,4022,6A,J5,1,2/6/24,M,LFD,28.5,20.5,9.52,3.99,2.8,10.6,NA,8/23/24,CLARITY,FOOD_REPLACEMENT,NA,NA,NA,NA,13.7,D12450Hi,24031808i ,,,8/30/24
2427321001,B00002447858,7858,6A,L5,1,2/27/24,M,HFD,25.5,17.5,8.23,4.12,2.1,9.7,NA,8/23/24,CLARITY,FOOD_REPLACEMENT,NA,NA,NA,NA,10.21,D12451i,24030401i,OXA_ANTIBODY_TITRATION,,8/30/24
2427321001,B00002447859,7859,6A,K5,1,2/27/24,M,LFD,25.5,17.5,8.37,2.76,2.8,10.7,NA,8/23/24,CLARITY,FOOD_REPLACEMENT,NA,NA,NA,NA,11.22,D12450Hi,24031808i ,OXA_ANTIBODY_TITRATION,,8/30/24
2421352002,B00002444017,4017,6A,L4,1,2/6/24,M,HFD,29,21,9.56,2.87,2.2,10.5,32.2,8/26/24,CLARITY,ECHO_MRI_MEASUREMENT_AND_FOOD_REPLACEMENT,9.02,24.17,0,18.72,22.28,D12451i,24072303i,,DAY_1_COLUMBUS_CALORIMETER,8/30/24
2421352002,B00002444018,4018,6A,M4,1,2/6/24,M,HFD,29,21,10.18,3.3,2.3,10.8,28.4,8/26/24,CLARITY,ECHO_MRI_MEASUREMENT_AND_FOOD_REPLACEMENT,6.22,22.54,0.12,17.66,22.16,D12451i,24072303i,,DAY_1_COLUMBUS_CALORIMETER,8/30/24
2421352001,B00002444019,4019,6A,N4,1,2/6/24,M,HFD,29,21,10.08,2.79,2.4,11.5,30.2,8/26/24,CLARITY,ECHO_MRI_MEASUREMENT_AND_FOOD_REPLACEMENT,6.79,23.97,0.12,18.04,23,D12451i,24072303i,,DAY_1_COLUMBUS_CALORIMETER,8/30/24
2421352001,B00002444020,4020,6A,H5,1,2/6/24,M,LFD,29,21,10.46,2.52,2.6,10.1,28.6,8/26/24,CLARITY,ECHO_MRI_MEASUREMENT_AND_FOOD_REPLACEMENT,4.53,24.59,0.14,18.55,20.32,D12450Hi,24031808i ,,DAY_1_COLUMBUS_CALORIMETER,8/30/24
2421352001,B00002444021,4021,6A,I5,1,2/6/24,M,LFD,29,21,12.17,3.53,2.9,11,31.3,8/26/24,CLARITY,ECHO_MRI_MEASUREMENT_AND_FOOD_REPLACEMENT,6.27,25.64,0,20.66,22.65,D12450Hi,24031808i ,,DAY_1_COLUMBUS_CALORIMETER,8/30/24
2421352001,B00002444022,4022,6A,J5,1,2/6/24,M,LFD,29,21,13.7,5.21,2.8,10.8,34.4,8/26/24,CLARITY,ECHO_MRI_MEASUREMENT_AND_FOOD_REPLACEMENT,9.15,25.84,0.27,20.12,20,D12450Hi,24031808i ,,DAY_1_COLUMBUS_CALORIMETER,8/30/24
2427321001,B00002447858,7858,6A,L5,1,2/27/24,M,HFD,26,18,10.21,5.7,1.5,7.1,29.7,8/26/24,CLARITY,ECHO_MRI_MEASUREMENT_AND_FOOD_REPLACEMENT,5.15,25.21,0,20.02,23.06,D12451i,24072303i,OXA_ANTIBODY_TITRATION,DAY_1_COLUMBUS_CALORIMETER,8/30/24
2427321001,B00002447859,7859,6A,K5,1,2/27/24,M,LFD,26,18,11.22,2.42,2.9,11.2,29.2,8/26/24,CLARITY,ECHO_MRI_MEASUREMENT_AND_FOOD_REPLACEMENT,7.49,22.54,0.02,17.62,18.51,D12450Hi,24031808i ,OXA_ANTIBODY_TITRATION,DAY_1_COLUMBUS_CALORIMETER,8/30/24
2421352002,B00002444017,4017,6A,L4,1,2/6/24,M,HFD,29.3,21.3,NA,NA,NA,NA,NA,8/28/24,CLARITY,NA,NA,NA,NA,NA,NA,D12451i,24072303i,,DAY_3_COLUMBUS_CALORIMETER,8/30/24
2421352002,B00002444018,4018,6A,M4,1,2/6/24,M,HFD,29.3,21.3,NA,NA,NA,NA,NA,8/26/24,CLARITY,NA,NA,NA,NA,NA,NA,D12451i,24072303i,,DAY_3_COLUMBUS_CALORIMETER,8/30/24
2421352001,B00002444019,4019,6A,N4,1,2/6/24,M,HFD,29.3,21.3,NA,NA,NA,NA,NA,8/26/24,CLARITY,NA,NA,NA,NA,NA,NA,D12451i,24072303i,,DAY_3_COLUMBUS_CALORIMETER,8/30/24
2421352001,B00002444020,4020,6A,H5,1,2/6/24,M,LFD,29.3,21.3,NA,NA,NA,NA,NA,8/26/24,CLARITY,NA,NA,NA,NA,NA,NA,D12450Hi,24031808i ,,DAY_3_COLUMBUS_CALORIMETER,8/30/24
2421352001,B00002444021,4021,6A,I5,1,2/6/24,M,LFD,29.3,21.3,NA,NA,NA,NA,NA,8/26/24,CLARITY,NA,NA,NA,NA,NA,NA,D12450Hi,24031808i ,,DAY_3_COLUMBUS_CALORIMETER,8/30/24
2421352001,B00002444022,4022,6A,J5,1,2/6/24,M,LFD,29.3,21.3,NA,NA,NA,NA,NA,8/26/24,CLARITY,NA,NA,NA,NA,NA,NA,D12450Hi,24031808i ,,DAY_3_COLUMBUS_CALORIMETER,8/30/24
2427321001,B00002447858,7858,6A,L5,1,2/27/24,M,HFD,26.3,18.3,NA,NA,NA,NA,NA,8/26/24,CLARITY,NA,NA,NA,NA,NA,NA,D12451i,24072303i,OXA_ANTIBODY_TITRATION,DAY_3_COLUMBUS_CALORIMETER,8/30/24
2427321001,B00002447859,7859,6A,K5,1,2/27/24,M,LFD,26.3,18.3,NA,NA,NA,NA,NA,8/26/24,CLARITY,NA,NA,NA,NA,NA,NA,D12450Hi,24031808i ,OXA_ANTIBODY_TITRATION,DAY_3_COLUMBUS_CALORIMETER,8/30/24
2421352002,B00002444017,4017,6A,L4,1,2/6/24,M,HFD,29.5,21.5,22.28,5.66,4.2,19.7,35.31,8/30/24,CLARITY,PERFUSION_AND_BRAIN_EXTRACTION,NA,NA,NA,NA,NA,D12451i,24072303i,,DAY_5_COLUMBUS_CALORIMETER,8/30/24
2421352002,B00002444018,4018,6A,M4,1,2/6/24,M,HFD,29.5,21.5,22.16,8.26,3.5,16.4,30.13,8/30/24,CLARITY,PERFUSION_AND_BRAIN_EXTRACTION,NA,NA,NA,NA,NA,D12451i,24072303i,,DAY_5_COLUMBUS_CALORIMETER,8/30/24
2421352001,B00002444019,4019,6A,N4,1,2/6/24,M,HFD,29.5,21.5,23,13.31,2.4,11.5,25.92,8/30/24,CLARITY,PERFUSION_AND_BRAIN_EXTRACTION,NA,NA,NA,NA,NA,D12451i,24072303i,,DAY_5_COLUMBUS_CALORIMETER,8/30/24
2421352001,B00002444020,4020,6A,H5,1,2/6/24,M,LFD,29.5,21.5,20.32,0.92,4.9,18.5,31.89,8/30/24,CLARITY,PERFUSION_AND_BRAIN_EXTRACTION,NA,NA,NA,NA,NA,D12450Hi,24031808i ,,DAY_5_COLUMBUS_CALORIMETER,8/30/24
2421352001,B00002444021,4021,6A,I5,1,2/6/24,M,LFD,29.5,21.5,22.65,5.54,4.3,16.3,33,8/30/24,CLARITY,PERFUSION_AND_BRAIN_EXTRACTION,NA,NA,NA,NA,NA,D12450Hi,24031808i ,,DAY_5_COLUMBUS_CALORIMETER,8/30/24
2421352001,B00002444022,4022,6A,J5,1,2/6/24,M,LFD,29.5,21.5,20,5.62,3.6,13.7,35.62,8/30/24,CLARITY,PERFUSION_AND_BRAIN_EXTRACTION,NA,NA,NA,NA,NA,D12450Hi,24031808i ,,DAY_5_COLUMBUS_CALORIMETER,8/30/24
2427321001,B00002447858,7858,6A,L5,1,2/27/24,M,HFD,26.5,18.5,23.06,8.41,3.7,17.3,30.21,8/30/24,CLARITY,PERFUSION_AND_BRAIN_EXTRACTION,NA,NA,NA,NA,NA,D12451i,24072303i,OXA_ANTIBODY_TITRATION,DAY_5_COLUMBUS_CALORIMETER,8/30/24
2427321001,B00002447859,7859,6A,K5,1,2/27/24,M,LFD,26.5,18.5,18.51,2.6,4,15.2,33.28,8/30/24,CLARITY,PERFUSION_AND_BRAIN_EXTRACTION,NA,NA,NA,NA,NA,D12450Hi,24031808i ,OXA_ANTIBODY_TITRATION,DAY_5_COLUMBUS_CALORIMETER,8/30/24