ID,BW,DATE,SEX,COHORT,STRAIN,AIM
3706,26.02,2024-10-25,F,3,NZO/HlLtJ,EEGAP
3706,26.78,2024-10-30,F,3,NZO/HlLtJ,EEGAP
3706,27.99,2024-11-06,F,3,NZO/HlLtJ,EEGAP
3706,30,2024-11-12,F,3,NZO/HlLtJ,EEGAP
3706,27.3,2024-11-13,F,3,NZO/HlLtJ,EEGAP
3706,30,2024-11-18,F,3,NZO/HlLtJ,EEGAP
3706,28.24,2024-11-20,F,3,NZO/HlLtJ,EEGAP
3706,29.75,2024-11-27,F,3,NZO/HlLtJ,EEGAP
3706,29.97,2024-12-04,F,3,NZO/HlLtJ,EEGAP
3707,26.07,2024-10-25,F,3,NZO/HlLtJ,EEGAP
3707,29.45,2024-10-30,F,3,NZO/HlLtJ,EEGAP
3707,32.98,2024-11-06,F,3,NZO/HlLtJ,EEGAP
3707,35.5,2024-11-12,F,3,NZO/HlLtJ,EEGAP
3707,32.74,2024-11-13,F,3,NZO/HlLtJ,EEGAP
3707,33.48,2024-11-18,F,3,NZO/HlLtJ,EEGAP
3707,31.22,2024-11-20,F,3,NZO/HlLtJ,EEGAP
3707,33.47,2024-11-27,F,3,NZO/HlLtJ,EEGAP
3707,36.54,2024-12-04,F,3,NZO/HlLtJ,EEGAP
3708,29.33,2024-10-25,F,3,NZO/HlLtJ,EEGAP
3708,32.03,2024-10-30,F,3,NZO/HlLtJ,EEGAP
3708,36.13,2024-11-06,F,3,NZO/HlLtJ,EEGAP
3708,39.9,2024-11-12,F,3,NZO/HlLtJ,EEGAP
3708,37.63,2024-11-13,F,3,NZO/HlLtJ,EEGAP
3708,37.19,2024-11-18,F,3,NZO/HlLtJ,EEGAP
3708,34.43,2024-11-20,F,3,NZO/HlLtJ,EEGAP
3708,37.37,2024-11-27,F,3,NZO/HlLtJ,EEGAP
3708,38.73,2024-12-04,F,3,NZO/HlLtJ,EEGAP
3709,27.03,2024-10-25,F,3,NZO/HlLtJ,EEGAP
3709,30.35,2024-10-30,F,3,NZO/HlLtJ,EEGAP
3709,34.48,2024-11-06,F,3,NZO/HlLtJ,EEGAP
3709,37.7,2024-11-12,F,3,NZO/HlLtJ,EEGAP
3709,33.95,2024-11-13,F,3,NZO/HlLtJ,EEGAP
3709,35.64,2024-11-18,F,3,NZO/HlLtJ,EEGAP
3709,35.64,2024-11-19,F,3,NZO/HlLtJ,EEGAP
3709,32.86,2024-11-20,F,3,NZO/HlLtJ,EEGAP
3709,31.88,2024-11-27,F,3,NZO/HlLtJ,EEGAP
3709,34.65,2024-12-04,F,3,NZO/HlLtJ,EEGAP
3710,26.98,2024-10-25,F,3,NZO/HlLtJ,EEGAP
3710,29.08,2024-10-30,F,3,NZO/HlLtJ,EEGAP
3710,33.68,2024-11-06,F,3,NZO/HlLtJ,EEGAP
3710,36.1,2024-11-12,F,3,NZO/HlLtJ,EEGAP
3710,34.14,2024-11-13,F,3,NZO/HlLtJ,EEGAP
3710,37.11,2024-11-18,F,3,NZO/HlLtJ,EEGAP
3710,34.59,2024-11-20,F,3,NZO/HlLtJ,EEGAP
3710,35.87,2024-11-27,F,3,NZO/HlLtJ,EEGAP
3710,38.65,2024-12-04,F,3,NZO/HlLtJ,EEGAP
3711,30.45,2024-10-25,F,3,NZO/HlLtJ,EEGAP
3711,30.54,2024-10-30,F,3,NZO/HlLtJ,EEGAP
3711,33.56,2024-11-06,F,3,NZO/HlLtJ,EEGAP
3711,36.3,2024-11-12,F,3,NZO/HlLtJ,EEGAP
3711,33.53,2024-11-13,F,3,NZO/HlLtJ,EEGAP
3711,36.33,2024-11-18,F,3,NZO/HlLtJ,EEGAP
3711,31.8,2024-11-20,F,3,NZO/HlLtJ,EEGAP
3711,33.03,2024-11-27,F,3,NZO/HlLtJ,EEGAP
3711,35.67,2024-12-04,F,3,NZO/HlLtJ,EEGAP
3712,31.49,2024-10-25,F,3,NZO/HlLtJ,EEGAP
3712,34.3,2024-10-30,F,3,NZO/HlLtJ,EEGAP
3712,38.51,2024-11-06,F,3,NZO/HlLtJ,EEGAP
3712,41.7,2024-11-12,F,3,NZO/HlLtJ,EEGAP
3712,40.05,2024-11-13,F,3,NZO/HlLtJ,EEGAP
3712,40.85,2024-11-18,F,3,NZO/HlLtJ,EEGAP
3712,35.95,2024-11-20,F,3,NZO/HlLtJ,EEGAP
3712,36.25,2024-11-27,F,3,NZO/HlLtJ,EEGAP
3712,40.8,2024-12-04,F,3,NZO/HlLtJ,EEGAP
3713,26.33,2024-10-25,F,3,NZO/HlLtJ,EEGAP
3713,28.99,2024-10-30,F,3,NZO/HlLtJ,EEGAP
3713,32.61,2024-11-06,F,3,NZO/HlLtJ,EEGAP
3713,36.45,2024-11-13,F,3,NZO/HlLtJ,EEGAP
3713,39.1,2024-11-19,F,3,NZO/HlLtJ,EEGAP
3713,35.11,2024-11-20,F,3,NZO/HlLtJ,EEGAP
3713,37.1,2024-11-25,F,3,NZO/HlLtJ,EEGAP
3713,34.58,2024-11-27,F,3,NZO/HlLtJ,EEGAP
3713,35.14,2024-12-04,F,3,NZO/HlLtJ,EEGAP
3714,28.78,2024-10-25,F,3,NZO/HlLtJ,EEGAP
3714,30.78,2024-10-30,F,3,NZO/HlLtJ,EEGAP
3714,34,2024-11-06,F,3,NZO/HlLtJ,EEGAP
3714,36.45,2024-11-13,F,3,NZO/HlLtJ,EEGAP
3714,39.8,2024-11-19,F,3,NZO/HlLtJ,EEGAP
3714,36.19,2024-11-20,F,3,NZO/HlLtJ,EEGAP
3714,39.6,2024-11-25,F,3,NZO/HlLtJ,EEGAP
3714,36.94,2024-11-27,F,3,NZO/HlLtJ,EEGAP
3714,39.38,2024-12-04,F,3,NZO/HlLtJ,EEGAP
3715,28.43,2024-10-25,F,3,NZO/HlLtJ,EEGAP
3715,29.99,2024-10-30,F,3,NZO/HlLtJ,EEGAP
3715,32.95,2024-11-06,F,3,NZO/HlLtJ,EEGAP
3715,34.93,2024-11-13,F,3,NZO/HlLtJ,EEGAP
3715,37.3,2024-11-19,F,3,NZO/HlLtJ,EEGAP
3715,35.1,2024-11-20,F,3,NZO/HlLtJ,EEGAP
3715,36.55,2024-11-25,F,3,NZO/HlLtJ,EEGAP
3715,33.23,2024-11-27,F,3,NZO/HlLtJ,EEGAP
3715,33.15,2024-12-04,F,3,NZO/HlLtJ,EEGAP
3716,16.56,2024-11-08,F,4,NZO/HlLtJ,EEGAP
3716,29.51,2024-11-13,F,4,NZO/HlLtJ,EEGAP
3716,31.6,2024-11-19,F,4,NZO/HlLtJ,EEGAP
3716,29.09,2024-11-20,F,4,NZO/HlLtJ,EEGAP
3716,31.74,2024-11-25,F,4,NZO/HlLtJ,EEGAP
3716,29.19,2024-11-27,F,4,NZO/HlLtJ,EEGAP
3716,30.68,2024-12-04,F,4,NZO/HlLtJ,EEGAP
3717,29.52,2024-11-08,F,4,NZO/HlLtJ,EEGAP
3717,29.98,2024-11-13,F,4,NZO/HlLtJ,EEGAP
3717,32.6,2024-11-19,F,4,NZO/HlLtJ,EEGAP
3717,30.91,2024-11-20,F,4,NZO/HlLtJ,EEGAP
3717,32.88,2024-11-25,F,4,NZO/HlLtJ,EEGAP
3717,29.49,2024-11-27,F,4,NZO/HlLtJ,EEGAP
3717,32.8,2024-12-04,F,4,NZO/HlLtJ,EEGAP
3718,29.86,2024-11-08,F,4,NZO/HlLtJ,EEGAP
3718,31.42,2024-11-13,F,4,NZO/HlLtJ,EEGAP
3718,35.5,2024-11-19,F,4,NZO/HlLtJ,EEGAP
3718,33.3,2024-11-20,F,4,NZO/HlLtJ,EEGAP
3718,34.85,2024-11-25,F,4,NZO/HlLtJ,EEGAP
3718,32.24,2024-11-27,F,4,NZO/HlLtJ,EEGAP
3718,34.29,2024-12-04,F,4,NZO/HlLtJ,EEGAP
3719,29.79,2024-11-08,F,4,NZO/HlLtJ,EEGAP
3719,31.08,2024-11-13,F,4,NZO/HlLtJ,EEGAP
3719,33.7,2024-11-19,F,4,NZO/HlLtJ,EEGAP
3719,32.16,2024-11-20,F,4,NZO/HlLtJ,EEGAP
3719,35.57,2024-11-25,F,4,NZO/HlLtJ,EEGAP
3719,32.27,2024-11-27,F,4,NZO/HlLtJ,EEGAP
3719,36.21,2024-12-04,F,4,NZO/HlLtJ,EEGAP
3720,27.39,2024-11-08,F,4,NZO/HlLtJ,EEGAP
3720,28.29,2024-11-13,F,4,NZO/HlLtJ,EEGAP
3720,29.3,2024-11-20,F,4,NZO/HlLtJ,EEGAP
3720,30.59,2024-11-26,F,4,NZO/HlLtJ,EEGAP
3720,29.79,2024-11-27,F,4,NZO/HlLtJ,EEGAP
3720,30.54,2024-12-02,F,4,NZO/HlLtJ,EEGAP
3720,27.25,2024-12-04,F,4,NZO/HlLtJ,EEGAP
3721,30.52,2024-11-08,F,4,NZO/HlLtJ,EEGAP
3721,30.54,2024-11-13,F,4,NZO/HlLtJ,EEGAP
3721,33.65,2024-11-20,F,4,NZO/HlLtJ,EEGAP
3721,36.9,2024-11-26,F,4,NZO/HlLtJ,EEGAP
3721,33.46,2024-11-27,F,4,NZO/HlLtJ,EEGAP
3721,35.25,2024-12-02,F,4,NZO/HlLtJ,EEGAP
3721,32.05,2024-12-04,F,4,NZO/HlLtJ,EEGAP
3722,29.88,2024-11-08,F,4,NZO/HlLtJ,EEGAP
3722,29.51,2024-11-13,F,4,NZO/HlLtJ,EEGAP
3722,32.16,2024-11-20,F,4,NZO/HlLtJ,EEGAP
3722,35.15,2024-11-26,F,4,NZO/HlLtJ,EEGAP
3722,35.21,2024-11-27,F,4,NZO/HlLtJ,EEGAP
3722,37.28,2024-12-02,F,4,NZO/HlLtJ,EEGAP
3722,33.04,2024-12-04,F,4,NZO/HlLtJ,EEGAP
3723,31.45,2024-11-08,F,4,NZO/HlLtJ,EEGAP
3723,33.31,2024-11-13,F,4,NZO/HlLtJ,EEGAP
3723,37.28,2024-11-20,F,4,NZO/HlLtJ,EEGAP
3723,39.81,2024-11-26,F,4,NZO/HlLtJ,EEGAP
3723,38.5,2024-11-27,F,4,NZO/HlLtJ,EEGAP
3723,38.71,2024-12-02,F,4,NZO/HlLtJ,EEGAP
3723,34.24,2024-12-04,F,4,NZO/HlLtJ,EEGAP
3724,27.13,2024-11-08,F,4,NZO/HlLtJ,EEGAP
3724,27.55,2024-11-13,F,4,NZO/HlLtJ,EEGAP
3724,29.36,2024-11-20,F,4,NZO/HlLtJ,EEGAP
3724,33.16,2024-11-26,F,4,NZO/HlLtJ,EEGAP
3724,31.44,2024-11-27,F,4,NZO/HlLtJ,EEGAP
3724,32.48,2024-12-02,F,4,NZO/HlLtJ,EEGAP
3724,30.81,2024-12-04,F,4,NZO/HlLtJ,EEGAP
3725,28.66,2024-11-08,F,4,NZO/HlLtJ,EEGAP
3725,29.64,2024-11-13,F,4,NZO/HlLtJ,EEGAP
3725,31.6,2024-11-20,F,4,NZO/HlLtJ,EEGAP
3725,35.24,2024-11-26,F,4,NZO/HlLtJ,EEGAP
3725,30.19,2024-11-27,F,4,NZO/HlLtJ,EEGAP
3725,31.31,2024-12-02,F,4,NZO/HlLtJ,EEGAP
3725,27.57,2024-12-04,F,4,NZO/HlLtJ,EEGAP
3726,26.58,2024-11-15,F,5,NZO/HlLtJ,EEGAP
3726,27.93,2024-11-20,F,5,NZO/HlLtJ,EEGAP
3726,31.46,2024-11-26,F,5,NZO/HlLtJ,EEGAP
3726,35.05,2024-11-27,F,5,NZO/HlLtJ,EEGAP
3726,37.04,2024-12-02,F,5,NZO/HlLtJ,EEGAP
3726,32.35,2024-12-04,F,5,NZO/HlLtJ,EEGAP
3727,27.11,2024-11-15,F,5,NZO/HlLtJ,EEGAP
3727,28.45,2024-11-20,F,5,NZO/HlLtJ,EEGAP
3727,31.52,2024-11-27,F,5,NZO/HlLtJ,EEGAP
3727,36.2,2024-12-03,F,5,NZO/HlLtJ,EEGAP
3727,34.56,2024-12-04,F,5,NZO/HlLtJ,EEGAP
3727,35.95,2024-12-09,F,5,NZO/HlLtJ,EEGAP
3728,26.2,2024-11-15,F,5,NZO/HlLtJ,EEGAP
3728,27.63,2024-11-20,F,5,NZO/HlLtJ,EEGAP
3728,30.95,2024-11-27,F,5,NZO/HlLtJ,EEGAP
3728,34.3,2024-12-03,F,5,NZO/HlLtJ,EEGAP
3728,34.18,2024-12-04,F,5,NZO/HlLtJ,EEGAP
3728,35.43,2024-12-09,F,5,NZO/HlLtJ,EEGAP
3729,30.11,2024-11-15,F,5,NZO/HlLtJ,EEGAP
3729,31.63,2024-11-20,F,5,NZO/HlLtJ,EEGAP
3729,34.06,2024-11-27,F,5,NZO/HlLtJ,EEGAP
3729,39.3,2024-12-03,F,5,NZO/HlLtJ,EEGAP
3729,37.02,2024-12-04,F,5,NZO/HlLtJ,EEGAP
3729,38.66,2024-12-09,F,5,NZO/HlLtJ,EEGAP
3993,16.72,2024-03-29,F,1,C57BL6/J,EEGAP
3993,17.5,2024-04-01,F,1,C57BL6/J,EEGAP
3993,16.48,2024-04-03,F,1,C57BL6/J,EEGAP
3993,17.38,2024-04-10,F,1,C57BL6/J,EEGAP
3993,18.2,2024-04-17,F,1,C57BL6/J,EEGAP
3993,17.7,2024-04-24,F,1,C57BL6/J,EEGAP
3993,18.08,2024-05-01,F,1,C57BL6/J,EEGAP
3993,18.76,2024-05-08,F,1,C57BL6/J,EEGAP
3993,18.93,2024-05-15,F,1,C57BL6/J,EEGAP
3993,19.42,2024-05-22,F,1,C57BL6/J,EEGAP
3993,19.7,2024-05-29,F,1,C57BL6/J,EEGAP
3993,19.08,2024-06-05,F,1,C57BL6/J,EEGAP
3993,20.33,2024-06-12,F,1,C57BL6/J,EEGAP
3993,19.45,2024-06-19,F,1,C57BL6/J,EEGAP
3993,19.67,2024-06-26,F,1,C57BL6/J,EEGAP
3993,19.8,2024-07-02,F,1,C57BL6/J,EEGAP
3993,19.3,2024-07-03,F,1,C57BL6/J,EEGAP
3993,20.25,2024-07-10,F,1,C57BL6/J,EEGAP
3993,20.6,2024-07-17,F,1,C57BL6/J,EEGAP
3993,21.3,2024-07-24,F,1,C57BL6/J,EEGAP
3993,20.2,2024-07-31,F,1,C57BL6/J,EEGAP
3993,20,2024-08-07,F,1,C57BL6/J,EEGAP
3993,20.9,2024-08-14,F,1,C57BL6/J,EEGAP
3993,20.9,2024-08-21,F,1,C57BL6/J,EEGAP
3993,20.4,2024-08-28,F,1,C57BL6/J,EEGAP
3993,20.2,2024-09-04,F,1,C57BL6/J,EEGAP
3993,21.2,2024-09-11,F,1,C57BL6/J,EEGAP
3993,21.7,2024-09-18,F,1,C57BL6/J,EEGAP
3993,21.5,2024-09-25,F,1,C57BL6/J,EEGAP
3993,20.96,2024-10-02,F,1,C57BL6/J,EEGAP
3993,22.97,2024-10-09,F,1,C57BL6/J,EEGAP
3993,21.93,2024-10-16,F,1,C57BL6/J,EEGAP
3993,22.2,2024-10-23,F,1,C57BL6/J,EEGAP
3994,18.05,2024-03-29,F,1,C57BL6/J,EEGAP
3994,17.3,2024-04-01,F,1,C57BL6/J,EEGAP
3994,18.31,2024-04-03,F,1,C57BL6/J,EEGAP
3994,18.5,2024-04-10,F,1,C57BL6/J,EEGAP
3994,19.78,2024-04-17,F,1,C57BL6/J,EEGAP
3994,20.48,2024-04-24,F,1,C57BL6/J,EEGAP
3994,20.64,2024-05-01,F,1,C57BL6/J,EEGAP
3994,20.6,2024-05-08,F,1,C57BL6/J,EEGAP
3994,21.38,2024-05-15,F,1,C57BL6/J,EEGAP
3994,20.3,2024-05-22,F,1,C57BL6/J,EEGAP
3994,20.8,2024-05-29,F,1,C57BL6/J,EEGAP
3994,21.81,2024-06-05,F,1,C57BL6/J,EEGAP
3994,21.02,2024-06-12,F,1,C57BL6/J,EEGAP
3994,21.46,2024-06-19,F,1,C57BL6/J,EEGAP
3994,21.08,2024-06-26,F,1,C57BL6/J,EEGAP
3994,21.5,2024-07-02,F,1,C57BL6/J,EEGAP
3994,21.05,2024-07-03,F,1,C57BL6/J,EEGAP
3994,22.2,2024-07-10,F,1,C57BL6/J,EEGAP
3994,22,2024-07-17,F,1,C57BL6/J,EEGAP
3994,22.46,2024-07-24,F,1,C57BL6/J,EEGAP
3994,22.93,2024-07-31,F,1,C57BL6/J,EEGAP
3994,23.1,2024-08-07,F,1,C57BL6/J,EEGAP
3994,22.9,2024-08-14,F,1,C57BL6/J,EEGAP
3994,23.1,2024-08-21,F,1,C57BL6/J,EEGAP
3994,23.1,2024-08-28,F,1,C57BL6/J,EEGAP
3994,23.6,2024-09-04,F,1,C57BL6/J,EEGAP
3994,23.6,2024-09-11,F,1,C57BL6/J,EEGAP
3994,23.9,2024-09-18,F,1,C57BL6/J,EEGAP
3994,24.1,2024-09-25,F,1,C57BL6/J,EEGAP
3994,23.68,2024-10-02,F,1,C57BL6/J,EEGAP
3994,24.74,2024-10-09,F,1,C57BL6/J,EEGAP
3994,25.44,2024-10-16,F,1,C57BL6/J,EEGAP
3994,24.48,2024-10-23,F,1,C57BL6/J,EEGAP
3995,17.42,2024-03-29,F,1,C57BL6/J,EEGAP
3995,17.2,2024-04-01,F,1,C57BL6/J,EEGAP
3995,17.32,2024-04-03,F,1,C57BL6/J,EEGAP
3995,17.21,2024-04-10,F,1,C57BL6/J,EEGAP
3995,18.2,2024-04-17,F,1,C57BL6/J,EEGAP
3995,18.83,2024-04-24,F,1,C57BL6/J,EEGAP
3995,19.58,2024-05-01,F,1,C57BL6/J,EEGAP
3995,19.76,2024-05-08,F,1,C57BL6/J,EEGAP
3995,20.76,2024-05-15,F,1,C57BL6/J,EEGAP
3995,20.8,2024-05-22,F,1,C57BL6/J,EEGAP
3995,22,2024-05-29,F,1,C57BL6/J,EEGAP
3995,22.04,2024-06-05,F,1,C57BL6/J,EEGAP
3995,21,2024-06-12,F,1,C57BL6/J,EEGAP
3995,21.33,2024-06-19,F,1,C57BL6/J,EEGAP
3995,21.68,2024-06-26,F,1,C57BL6/J,EEGAP
3995,21.6,2024-07-02,F,1,C57BL6/J,EEGAP
3995,21,2024-07-03,F,1,C57BL6/J,EEGAP
3995,22.07,2024-07-10,F,1,C57BL6/J,EEGAP
3995,21.01,2024-07-17,F,1,C57BL6/J,EEGAP
3995,21.09,2024-07-24,F,1,C57BL6/J,EEGAP
3995,21.24,2024-07-31,F,1,C57BL6/J,EEGAP
3995,21.8,2024-08-07,F,1,C57BL6/J,EEGAP
3995,21.3,2024-08-14,F,1,C57BL6/J,EEGAP
3995,21,2024-08-21,F,1,C57BL6/J,EEGAP
3995,21.3,2024-08-28,F,1,C57BL6/J,EEGAP
3995,21.9,2024-09-04,F,1,C57BL6/J,EEGAP
3995,22.3,2024-09-11,F,1,C57BL6/J,EEGAP
3995,22.4,2024-09-18,F,1,C57BL6/J,EEGAP
3995,22.3,2024-09-25,F,1,C57BL6/J,EEGAP
3995,21.72,2024-10-02,F,1,C57BL6/J,EEGAP
3995,22.52,2024-10-09,F,1,C57BL6/J,EEGAP
3995,22.38,2024-10-16,F,1,C57BL6/J,EEGAP
3995,22.9,2024-10-23,F,1,C57BL6/J,EEGAP
3996,16.89,2024-03-29,F,1,C57BL6/J,EEGAP
3996,16.4,2024-04-01,F,1,C57BL6/J,EEGAP
3996,16.58,2024-04-03,F,1,C57BL6/J,EEGAP
3996,17.74,2024-04-10,F,1,C57BL6/J,EEGAP
3996,17.78,2024-04-17,F,1,C57BL6/J,EEGAP
3996,18.3,2024-04-24,F,1,C57BL6/J,EEGAP
3996,18.61,2024-05-01,F,1,C57BL6/J,EEGAP
3996,18.76,2024-05-08,F,1,C57BL6/J,EEGAP
3996,21.1,2024-05-15,F,1,C57BL6/J,EEGAP
3996,20.12,2024-05-22,F,1,C57BL6/J,EEGAP
3996,20.16,2024-05-29,F,1,C57BL6/J,EEGAP
3996,20.65,2024-06-05,F,1,C57BL6/J,EEGAP
3996,19.96,2024-06-12,F,1,C57BL6/J,EEGAP
3996,19.68,2024-06-19,F,1,C57BL6/J,EEGAP
3996,20.53,2024-06-26,F,1,C57BL6/J,EEGAP
3996,20.1,2024-07-02,F,1,C57BL6/J,EEGAP
3996,20.28,2024-07-03,F,1,C57BL6/J,EEGAP
3996,20.96,2024-07-10,F,1,C57BL6/J,EEGAP
3996,21.09,2024-07-17,F,1,C57BL6/J,EEGAP
3996,21.77,2024-07-24,F,1,C57BL6/J,EEGAP
3996,21.96,2024-07-31,F,1,C57BL6/J,EEGAP
3996,20.6,2024-08-07,F,1,C57BL6/J,EEGAP
3996,21,2024-08-14,F,1,C57BL6/J,EEGAP
3996,21.2,2024-08-21,F,1,C57BL6/J,EEGAP
3996,20.8,2024-08-28,F,1,C57BL6/J,EEGAP
3996,20.8,2024-09-04,F,1,C57BL6/J,EEGAP
3996,20.6,2024-09-11,F,1,C57BL6/J,EEGAP
3996,21.1,2024-09-18,F,1,C57BL6/J,EEGAP
3996,20.9,2024-09-25,F,1,C57BL6/J,EEGAP
3996,21.95,2024-10-02,F,1,C57BL6/J,EEGAP
3996,20.87,2024-10-09,F,1,C57BL6/J,EEGAP
3996,21.63,2024-10-16,F,1,C57BL6/J,EEGAP
3996,20.8,2024-10-23,F,1,C57BL6/J,EEGAP
3997,19.04,2024-03-29,F,1,C57BL6/J,EEGAP
3997,18.1,2024-04-01,F,1,C57BL6/J,EEGAP
3997,18.72,2024-04-03,F,1,C57BL6/J,EEGAP
3997,18.61,2024-04-10,F,1,C57BL6/J,EEGAP
3997,19.22,2024-04-17,F,1,C57BL6/J,EEGAP
3997,19.55,2024-04-24,F,1,C57BL6/J,EEGAP
3997,20.98,2024-05-01,F,1,C57BL6/J,EEGAP
3997,21.23,2024-05-08,F,1,C57BL6/J,EEGAP
3997,21.35,2024-05-15,F,1,C57BL6/J,EEGAP
3997,21.51,2024-05-22,F,1,C57BL6/J,EEGAP
3997,21.92,2024-05-29,F,1,C57BL6/J,EEGAP
3997,22.73,2024-06-05,F,1,C57BL6/J,EEGAP
3997,22.2,2024-06-12,F,1,C57BL6/J,EEGAP
3997,21.99,2024-06-19,F,1,C57BL6/J,EEGAP
3997,22.96,2024-06-26,F,1,C57BL6/J,EEGAP
3997,23.2,2024-07-02,F,1,C57BL6/J,EEGAP
3997,23.13,2024-07-03,F,1,C57BL6/J,EEGAP
3997,23.74,2024-07-10,F,1,C57BL6/J,EEGAP
3997,23.13,2024-07-17,F,1,C57BL6/J,EEGAP
3997,23.66,2024-07-24,F,1,C57BL6/J,EEGAP
3997,22.61,2024-07-31,F,1,C57BL6/J,EEGAP
3997,23.1,2024-08-07,F,1,C57BL6/J,EEGAP
3997,23.8,2024-08-14,F,1,C57BL6/J,EEGAP
3997,22.8,2024-08-21,F,1,C57BL6/J,EEGAP
3997,22.9,2024-08-28,F,1,C57BL6/J,EEGAP
3997,23.8,2024-09-04,F,1,C57BL6/J,EEGAP
3997,24.3,2024-09-11,F,1,C57BL6/J,EEGAP
3997,24.7,2024-09-18,F,1,C57BL6/J,EEGAP
3997,25.9,2024-09-25,F,1,C57BL6/J,EEGAP
3997,26.16,2024-10-02,F,1,C57BL6/J,EEGAP
3997,26.21,2024-10-09,F,1,C57BL6/J,EEGAP
3997,26.86,2024-10-16,F,1,C57BL6/J,EEGAP
3997,26.37,2024-10-23,F,1,C57BL6/J,EEGAP
3998,18.37,2024-03-29,F,1,C57BL6/J,EEGAP
3998,18.3,2024-04-01,F,1,C57BL6/J,EEGAP
3998,18.4,2024-04-03,F,1,C57BL6/J,EEGAP
3998,18.53,2024-04-10,F,1,C57BL6/J,EEGAP
3998,18.27,2024-04-17,F,1,C57BL6/J,EEGAP
3998,18.97,2024-04-24,F,1,C57BL6/J,EEGAP
3998,20.55,2024-05-01,F,1,C57BL6/J,EEGAP
3998,20.61,2024-05-08,F,1,C57BL6/J,EEGAP
3998,20.62,2024-05-15,F,1,C57BL6/J,EEGAP
3998,20.9,2024-05-22,F,1,C57BL6/J,EEGAP
3998,21.74,2024-05-29,F,1,C57BL6/J,EEGAP
3998,21.64,2024-06-05,F,1,C57BL6/J,EEGAP
3998,21.86,2024-06-12,F,1,C57BL6/J,EEGAP
3998,22.51,2024-06-19,F,1,C57BL6/J,EEGAP
3998,22.33,2024-06-26,F,1,C57BL6/J,EEGAP
3998,23.1,2024-07-02,F,1,C57BL6/J,EEGAP
3998,22.46,2024-07-03,F,1,C57BL6/J,EEGAP
3998,22.52,2024-07-10,F,1,C57BL6/J,EEGAP
3998,22.69,2024-07-17,F,1,C57BL6/J,EEGAP
3998,22.36,2024-07-24,F,1,C57BL6/J,EEGAP
3998,22.97,2024-07-31,F,1,C57BL6/J,EEGAP
3998,22.5,2024-08-07,F,1,C57BL6/J,EEGAP
3998,23,2024-08-14,F,1,C57BL6/J,EEGAP
3998,24,2024-08-21,F,1,C57BL6/J,EEGAP
3998,22.8,2024-08-28,F,1,C57BL6/J,EEGAP
3998,23.1,2024-09-04,F,1,C57BL6/J,EEGAP
3998,24.1,2024-09-11,F,1,C57BL6/J,EEGAP
3998,23.9,2024-09-18,F,1,C57BL6/J,EEGAP
3998,23.7,2024-09-25,F,1,C57BL6/J,EEGAP
3998,24.11,2024-10-02,F,1,C57BL6/J,EEGAP
3998,25.34,2024-10-09,F,1,C57BL6/J,EEGAP
3998,24.67,2024-10-16,F,1,C57BL6/J,EEGAP
3998,24.9,2024-10-23,F,1,C57BL6/J,EEGAP
3999,19.73,2024-03-29,F,1,C57BL6/J,EEGAP
3999,19.8,2024-04-01,F,1,C57BL6/J,EEGAP
3999,19.74,2024-04-03,F,1,C57BL6/J,EEGAP
3999,19.87,2024-04-10,F,1,C57BL6/J,EEGAP
3999,19.56,2024-04-17,F,1,C57BL6/J,EEGAP
3999,19.95,2024-04-24,F,1,C57BL6/J,EEGAP
3999,21.55,2024-05-01,F,1,C57BL6/J,EEGAP
3999,22.11,2024-05-08,F,1,C57BL6/J,EEGAP
3999,23.45,2024-05-15,F,1,C57BL6/J,EEGAP
3999,22.53,2024-05-22,F,1,C57BL6/J,EEGAP
3999,22.63,2024-05-29,F,1,C57BL6/J,EEGAP
3999,22.42,2024-06-05,F,1,C57BL6/J,EEGAP
3999,21.82,2024-06-12,F,1,C57BL6/J,EEGAP
3999,21.48,2024-06-19,F,1,C57BL6/J,EEGAP
3999,23.12,2024-06-26,F,1,C57BL6/J,EEGAP
3999,23.8,2024-07-02,F,1,C57BL6/J,EEGAP
3999,22.68,2024-07-03,F,1,C57BL6/J,EEGAP
3999,22.06,2024-07-10,F,1,C57BL6/J,EEGAP
3999,22.06,2024-07-17,F,1,C57BL6/J,EEGAP
3999,21.46,2024-07-24,F,1,C57BL6/J,EEGAP
3999,22.35,2024-07-31,F,1,C57BL6/J,EEGAP
3999,22.6,2024-08-07,F,1,C57BL6/J,EEGAP
3999,23.1,2024-08-14,F,1,C57BL6/J,EEGAP
3999,23.3,2024-08-21,F,1,C57BL6/J,EEGAP
3999,23,2024-08-28,F,1,C57BL6/J,EEGAP
3999,22.4,2024-09-04,F,1,C57BL6/J,EEGAP
3999,23.7,2024-09-11,F,1,C57BL6/J,EEGAP
3999,23.2,2024-09-18,F,1,C57BL6/J,EEGAP
3999,23.7,2024-09-25,F,1,C57BL6/J,EEGAP
3999,23.81,2024-10-02,F,1,C57BL6/J,EEGAP
3999,24.52,2024-10-09,F,1,C57BL6/J,EEGAP
3999,24.37,2024-10-16,F,1,C57BL6/J,EEGAP
3999,25.25,2024-10-23,F,1,C57BL6/J,EEGAP
4000,18.22,2024-03-29,F,1,C57BL6/J,EEGAP
4000,17.9,2024-04-01,F,1,C57BL6/J,EEGAP
4000,18.15,2024-04-03,F,1,C57BL6/J,EEGAP
4000,18.7,2024-04-10,F,1,C57BL6/J,EEGAP
4000,20.95,2024-04-17,F,1,C57BL6/J,EEGAP
4000,20.34,2024-04-24,F,1,C57BL6/J,EEGAP
4000,20.6,2024-05-01,F,1,C57BL6/J,EEGAP
4000,20.85,2024-05-08,F,1,C57BL6/J,EEGAP
4000,22.1,2024-05-15,F,1,C57BL6/J,EEGAP
4000,22.11,2024-05-22,F,1,C57BL6/J,EEGAP
4000,21.96,2024-05-29,F,1,C57BL6/J,EEGAP
4000,22.5,2024-06-05,F,1,C57BL6/J,EEGAP
4000,22.27,2024-06-12,F,1,C57BL6/J,EEGAP
4000,22.57,2024-06-19,F,1,C57BL6/J,EEGAP
4000,22.63,2024-06-26,F,1,C57BL6/J,EEGAP
4000,24,2024-07-02,F,1,C57BL6/J,EEGAP
4000,22.68,2024-07-03,F,1,C57BL6/J,EEGAP
4000,22.28,2024-07-10,F,1,C57BL6/J,EEGAP
4000,22.91,2024-07-17,F,1,C57BL6/J,EEGAP
4000,22.92,2024-07-24,F,1,C57BL6/J,EEGAP
4000,23.48,2024-07-31,F,1,C57BL6/J,EEGAP
4000,23.3,2024-08-07,F,1,C57BL6/J,EEGAP
4000,22.7,2024-08-14,F,1,C57BL6/J,EEGAP
4000,22.8,2024-08-21,F,1,C57BL6/J,EEGAP
4000,22.9,2024-08-28,F,1,C57BL6/J,EEGAP
4000,23,2024-09-04,F,1,C57BL6/J,EEGAP
4000,24.5,2024-09-11,F,1,C57BL6/J,EEGAP
4000,23.6,2024-09-18,F,1,C57BL6/J,EEGAP
4000,24.5,2024-09-25,F,1,C57BL6/J,EEGAP
4000,24.33,2024-10-02,F,1,C57BL6/J,EEGAP
4000,24.13,2024-10-09,F,1,C57BL6/J,EEGAP
4000,24.94,2024-10-16,F,1,C57BL6/J,EEGAP
4000,26.07,2024-10-23,F,1,C57BL6/J,EEGAP
4001,17.6,2024-03-29,F,1,C57BL6/J,EEGAP
4001,17.4,2024-04-01,F,1,C57BL6/J,EEGAP
4001,16.44,2024-04-03,F,1,C57BL6/J,EEGAP
4001,16.72,2024-04-10,F,1,C57BL6/J,EEGAP
4001,17.22,2024-04-17,F,1,C57BL6/J,EEGAP
4001,18.14,2024-04-24,F,1,C57BL6/J,EEGAP
4001,18.84,2024-05-01,F,1,C57BL6/J,EEGAP
4001,19.02,2024-05-08,F,1,C57BL6/J,EEGAP
4001,19.5,2024-05-15,F,1,C57BL6/J,EEGAP
4001,19.04,2024-05-22,F,1,C57BL6/J,EEGAP
4001,19.84,2024-05-29,F,1,C57BL6/J,EEGAP
4001,19.8,2024-06-05,F,1,C57BL6/J,EEGAP
4001,19.4,2024-06-12,F,1,C57BL6/J,EEGAP
4001,19.89,2024-06-19,F,1,C57BL6/J,EEGAP
4001,19.89,2024-06-26,F,1,C57BL6/J,EEGAP
4001,20.6,2024-07-02,F,1,C57BL6/J,EEGAP
4001,20,2024-07-03,F,1,C57BL6/J,EEGAP
4001,19.71,2024-07-10,F,1,C57BL6/J,EEGAP
4001,21.56,2024-07-17,F,1,C57BL6/J,EEGAP
4001,20.96,2024-07-24,F,1,C57BL6/J,EEGAP
4001,20.33,2024-07-31,F,1,C57BL6/J,EEGAP
4001,20.4,2024-08-07,F,1,C57BL6/J,EEGAP
4001,20.4,2024-08-14,F,1,C57BL6/J,EEGAP
4001,20.5,2024-08-21,F,1,C57BL6/J,EEGAP
4001,21.1,2024-08-28,F,1,C57BL6/J,EEGAP
4001,21.4,2024-09-04,F,1,C57BL6/J,EEGAP
4001,20.4,2024-09-11,F,1,C57BL6/J,EEGAP
4001,21,2024-09-18,F,1,C57BL6/J,EEGAP
4001,22.2,2024-09-25,F,1,C57BL6/J,EEGAP
4001,21.83,2024-10-02,F,1,C57BL6/J,EEGAP
4001,22.37,2024-10-09,F,1,C57BL6/J,EEGAP
4001,21.48,2024-10-16,F,1,C57BL6/J,EEGAP
4001,22.08,2024-10-23,F,1,C57BL6/J,EEGAP
4002,18.38,2024-03-29,F,1,C57BL6/J,EEGAP
4002,18.1,2024-04-01,F,1,C57BL6/J,EEGAP
4002,18.27,2024-04-03,F,1,C57BL6/J,EEGAP
4002,18.07,2024-04-10,F,1,C57BL6/J,EEGAP
4002,18.26,2024-04-17,F,1,C57BL6/J,EEGAP
4002,17.24,2024-04-24,F,1,C57BL6/J,EEGAP
4002,17.86,2024-05-01,F,1,C57BL6/J,EEGAP
4002,19.53,2024-05-08,F,1,C57BL6/J,EEGAP
4002,18.99,2024-05-15,F,1,C57BL6/J,EEGAP
4002,18.54,2024-05-22,F,1,C57BL6/J,EEGAP
4002,19.34,2024-05-29,F,1,C57BL6/J,EEGAP
4002,20.6,2024-06-05,F,1,C57BL6/J,EEGAP
4002,20.14,2024-06-12,F,1,C57BL6/J,EEGAP
4002,19.74,2024-06-19,F,1,C57BL6/J,EEGAP
4002,19.76,2024-06-26,F,1,C57BL6/J,EEGAP
4002,21,2024-07-02,F,1,C57BL6/J,EEGAP
4002,20.23,2024-07-03,F,1,C57BL6/J,EEGAP
4002,19.86,2024-07-10,F,1,C57BL6/J,EEGAP
4002,20.56,2024-07-17,F,1,C57BL6/J,EEGAP
4002,20.9,2024-07-24,F,1,C57BL6/J,EEGAP
4002,20.82,2024-07-31,F,1,C57BL6/J,EEGAP
4002,21.2,2024-08-07,F,1,C57BL6/J,EEGAP
4002,21.3,2024-08-14,F,1,C57BL6/J,EEGAP
4002,21.6,2024-08-21,F,1,C57BL6/J,EEGAP
4002,21.5,2024-08-28,F,1,C57BL6/J,EEGAP
4002,21.3,2024-09-04,F,1,C57BL6/J,EEGAP
4002,21.5,2024-09-11,F,1,C57BL6/J,EEGAP
4002,21.8,2024-09-18,F,1,C57BL6/J,EEGAP
4002,21.7,2024-09-25,F,1,C57BL6/J,EEGAP
4002,21.69,2024-10-02,F,1,C57BL6/J,EEGAP
4002,21.66,2024-10-09,F,1,C57BL6/J,EEGAP
4002,22.42,2024-10-16,F,1,C57BL6/J,EEGAP
4002,21.86,2024-10-23,F,1,C57BL6/J,EEGAP
4003,17.86,2024-03-29,F,1,C57BL6/J,EEGAP
4003,17.2,2024-04-01,F,1,C57BL6/J,EEGAP
4003,16.9,2024-04-03,F,1,C57BL6/J,EEGAP
4003,16.22,2024-04-10,F,1,C57BL6/J,EEGAP
4003,15.94,2024-04-17,F,1,C57BL6/J,EEGAP
4003,16.1,2024-04-24,F,1,C57BL6/J,EEGAP
4003,16.28,2024-05-01,F,1,C57BL6/J,EEGAP
4003,16.98,2024-05-08,F,1,C57BL6/J,EEGAP
4003,17.23,2024-05-15,F,1,C57BL6/J,EEGAP
4003,17.66,2024-05-22,F,1,C57BL6/J,EEGAP
4003,18.06,2024-05-29,F,1,C57BL6/J,EEGAP
4003,18.72,2024-06-05,F,1,C57BL6/J,EEGAP
4003,18.73,2024-06-12,F,1,C57BL6/J,EEGAP
4003,18.38,2024-06-19,F,1,C57BL6/J,EEGAP
4003,19.32,2024-06-26,F,1,C57BL6/J,EEGAP
4003,19.3,2024-07-02,F,1,C57BL6/J,EEGAP
4003,18.54,2024-07-03,F,1,C57BL6/J,EEGAP
4003,19.61,2024-07-10,F,1,C57BL6/J,EEGAP
4003,20.07,2024-07-17,F,1,C57BL6/J,EEGAP
4003,18.43,2024-07-24,F,1,C57BL6/J,EEGAP
4003,19.82,2024-07-31,F,1,C57BL6/J,EEGAP
4003,18.9,2024-08-07,F,1,C57BL6/J,EEGAP
4003,19.2,2024-08-14,F,1,C57BL6/J,EEGAP
4003,18.8,2024-08-21,F,1,C57BL6/J,EEGAP
4003,19.1,2024-08-28,F,1,C57BL6/J,EEGAP
4003,19.1,2024-09-04,F,1,C57BL6/J,EEGAP
4003,19.3,2024-09-11,F,1,C57BL6/J,EEGAP
4003,19.6,2024-09-18,F,1,C57BL6/J,EEGAP
4003,18.8,2024-09-25,F,1,C57BL6/J,EEGAP
4003,19.06,2024-10-02,F,1,C57BL6/J,EEGAP
4003,19.13,2024-10-09,F,1,C57BL6/J,EEGAP
4003,19.28,2024-10-16,F,1,C57BL6/J,EEGAP
4003,19.07,2024-10-23,F,1,C57BL6/J,EEGAP
4004,17.1,2024-03-29,F,1,C57BL6/J,EEGAP
4004,17.3,2024-04-01,F,1,C57BL6/J,EEGAP
4004,16.48,2024-04-03,F,1,C57BL6/J,EEGAP
4004,16.19,2024-04-10,F,1,C57BL6/J,EEGAP
4004,16.61,2024-04-17,F,1,C57BL6/J,EEGAP
4004,18.23,2024-04-24,F,1,C57BL6/J,EEGAP
4004,18.21,2024-05-01,F,1,C57BL6/J,EEGAP
4004,18.46,2024-05-08,F,1,C57BL6/J,EEGAP
4004,19.41,2024-05-15,F,1,C57BL6/J,EEGAP
4004,19.39,2024-05-22,F,1,C57BL6/J,EEGAP
4004,18.43,2024-05-29,F,1,C57BL6/J,EEGAP
4004,19.1,2024-06-05,F,1,C57BL6/J,EEGAP
4004,19.23,2024-06-12,F,1,C57BL6/J,EEGAP
4004,19.69,2024-06-19,F,1,C57BL6/J,EEGAP
4004,19.79,2024-06-26,F,1,C57BL6/J,EEGAP
4004,20.4,2024-07-02,F,1,C57BL6/J,EEGAP
4004,20.16,2024-07-03,F,1,C57BL6/J,EEGAP
4004,20.58,2024-07-10,F,1,C57BL6/J,EEGAP
4004,20.18,2024-07-17,F,1,C57BL6/J,EEGAP
4004,19.67,2024-07-24,F,1,C57BL6/J,EEGAP
4004,20.4,2024-07-31,F,1,C57BL6/J,EEGAP
4004,20.9,2024-08-07,F,1,C57BL6/J,EEGAP
4004,20.4,2024-08-14,F,1,C57BL6/J,EEGAP
4004,20.3,2024-08-21,F,1,C57BL6/J,EEGAP
4004,20.3,2024-08-28,F,1,C57BL6/J,EEGAP
4004,20.5,2024-09-04,F,1,C57BL6/J,EEGAP
4004,21.4,2024-09-11,F,1,C57BL6/J,EEGAP
4004,21.1,2024-09-18,F,1,C57BL6/J,EEGAP
4004,21.5,2024-09-25,F,1,C57BL6/J,EEGAP
4004,21.01,2024-10-02,F,1,C57BL6/J,EEGAP
4004,20.99,2024-10-09,F,1,C57BL6/J,EEGAP
4004,21.14,2024-10-16,F,1,C57BL6/J,EEGAP
4004,20.92,2024-10-23,F,1,C57BL6/J,EEGAP
4005,23.5,2024-03-29,M,1,C57BL6/J,EEGAP
4005,23.4,2024-04-01,M,1,C57BL6/J,EEGAP
4005,23.31,2024-04-03,M,1,C57BL6/J,EEGAP
4005,23.93,2024-04-10,M,1,C57BL6/J,EEGAP
4005,24.89,2024-04-17,M,1,C57BL6/J,EEGAP
4005,25.44,2024-04-24,M,1,C57BL6/J,EEGAP
4005,25.82,2024-05-01,M,1,C57BL6/J,EEGAP
4005,27.06,2024-05-08,M,1,C57BL6/J,EEGAP
4005,25.9,2024-05-15,M,1,C57BL6/J,EEGAP
4005,26.24,2024-05-22,M,1,C57BL6/J,EEGAP
4005,27.45,2024-05-29,M,1,C57BL6/J,EEGAP
4005,28.92,2024-06-05,M,1,C57BL6/J,EEGAP
4005,28.08,2024-06-12,M,1,C57BL6/J,EEGAP
4005,29.35,2024-06-19,M,1,C57BL6/J,EEGAP
4005,29.47,2024-06-26,M,1,C57BL6/J,EEGAP
4005,29.6,2024-07-02,M,1,C57BL6/J,EEGAP
4005,28.89,2024-07-03,M,1,C57BL6/J,EEGAP
4005,28.95,2024-07-10,M,1,C57BL6/J,EEGAP
4005,29.32,2024-07-17,M,1,C57BL6/J,EEGAP
4005,29.91,2024-07-24,M,1,C57BL6/J,EEGAP
4005,29.45,2024-07-31,M,1,C57BL6/J,EEGAP
4005,31.3,2024-08-07,M,1,C57BL6/J,EEGAP
4005,32.2,2024-08-14,M,1,C57BL6/J,EEGAP
4005,32.1,2024-08-21,M,1,C57BL6/J,EEGAP
4005,32.3,2024-08-28,M,1,C57BL6/J,EEGAP
4005,33.3,2024-09-04,M,1,C57BL6/J,EEGAP
4005,32.7,2024-09-11,M,1,C57BL6/J,EEGAP
4005,33.4,2024-09-18,M,1,C57BL6/J,EEGAP
4005,33,2024-09-25,M,1,C57BL6/J,EEGAP
4005,33.53,2024-10-02,M,1,C57BL6/J,EEGAP
4005,35.15,2024-10-09,M,1,C57BL6/J,EEGAP
4005,34.84,2024-10-16,M,1,C57BL6/J,EEGAP
4005,35.26,2024-10-23,M,1,C57BL6/J,EEGAP
4006,21.37,2024-03-29,M,1,C57BL6/J,EEGAP
4006,21.1,2024-04-01,M,1,C57BL6/J,EEGAP
4006,21.12,2024-04-03,M,1,C57BL6/J,EEGAP
4006,21.53,2024-04-10,M,1,C57BL6/J,EEGAP
4006,21.74,2024-04-17,M,1,C57BL6/J,EEGAP
4006,22.76,2024-04-24,M,1,C57BL6/J,EEGAP
4006,22.01,2024-05-01,M,1,C57BL6/J,EEGAP
4006,22.55,2024-05-08,M,1,C57BL6/J,EEGAP
4006,23.02,2024-05-15,M,1,C57BL6/J,EEGAP
4006,23.51,2024-05-22,M,1,C57BL6/J,EEGAP
4006,23.31,2024-05-29,M,1,C57BL6/J,EEGAP
4006,24.1,2024-06-05,M,1,C57BL6/J,EEGAP
4006,23.85,2024-06-12,M,1,C57BL6/J,EEGAP
4006,25.78,2024-06-19,M,1,C57BL6/J,EEGAP
4006,24.61,2024-06-26,M,1,C57BL6/J,EEGAP
4006,25.1,2024-07-02,M,1,C57BL6/J,EEGAP
4006,24.7,2024-07-03,M,1,C57BL6/J,EEGAP
4006,25.03,2024-07-10,M,1,C57BL6/J,EEGAP
4006,24.92,2024-07-17,M,1,C57BL6/J,EEGAP
4006,25.1,2024-07-24,M,1,C57BL6/J,EEGAP
4006,24.5,2024-07-31,M,1,C57BL6/J,EEGAP
4006,25.2,2024-08-07,M,1,C57BL6/J,EEGAP
4006,24.5,2024-08-14,M,1,C57BL6/J,EEGAP
4006,25.1,2024-08-21,M,1,C57BL6/J,EEGAP
4006,29,2024-08-28,M,1,C57BL6/J,EEGAP
4006,25.4,2024-09-04,M,1,C57BL6/J,EEGAP
4006,26.6,2024-09-11,M,1,C57BL6/J,EEGAP
4006,27.2,2024-09-18,M,1,C57BL6/J,EEGAP
4006,28,2024-09-25,M,1,C57BL6/J,EEGAP
4006,28.52,2024-10-02,M,1,C57BL6/J,EEGAP
4006,29.16,2024-10-09,M,1,C57BL6/J,EEGAP
4006,28.9,2024-10-16,M,1,C57BL6/J,EEGAP
4006,29.56,2024-10-23,M,1,C57BL6/J,EEGAP
4007,22.8,2024-03-29,M,1,C57BL6/J,EEGAP
4007,22.5,2024-04-01,M,1,C57BL6/J,EEGAP
4007,23.93,2024-04-03,M,1,C57BL6/J,EEGAP
4007,22.91,2024-04-10,M,1,C57BL6/J,EEGAP
4007,22.75,2024-04-17,M,1,C57BL6/J,EEGAP
4007,24.95,2024-04-24,M,1,C57BL6/J,EEGAP
4007,24.33,2024-05-01,M,1,C57BL6/J,EEGAP
4007,26.49,2024-05-08,M,1,C57BL6/J,EEGAP
4007,25.21,2024-05-15,M,1,C57BL6/J,EEGAP
4007,25.76,2024-05-22,M,1,C57BL6/J,EEGAP
4007,25.3,2024-05-29,M,1,C57BL6/J,EEGAP
4007,25.06,2024-06-05,M,1,C57BL6/J,EEGAP
4007,24.95,2024-06-12,M,1,C57BL6/J,EEGAP
4007,26.54,2024-06-19,M,1,C57BL6/J,EEGAP
4007,26.75,2024-06-26,M,1,C57BL6/J,EEGAP
4007,27.4,2024-07-02,M,1,C57BL6/J,EEGAP
4007,26.85,2024-07-03,M,1,C57BL6/J,EEGAP
4007,28.02,2024-07-10,M,1,C57BL6/J,EEGAP
4007,26.36,2024-07-17,M,1,C57BL6/J,EEGAP
4007,26.88,2024-07-24,M,1,C57BL6/J,EEGAP
4007,26.9,2024-07-31,M,1,C57BL6/J,EEGAP
4007,27,2024-08-07,M,1,C57BL6/J,EEGAP
4007,26.8,2024-08-14,M,1,C57BL6/J,EEGAP
4007,27.1,2024-08-21,M,1,C57BL6/J,EEGAP
4007,29.6,2024-08-28,M,1,C57BL6/J,EEGAP
4007,29.1,2024-09-04,M,1,C57BL6/J,EEGAP
4007,29.2,2024-09-11,M,1,C57BL6/J,EEGAP
4007,30.6,2024-09-18,M,1,C57BL6/J,EEGAP
4007,29.4,2024-09-25,M,1,C57BL6/J,EEGAP
4007,30.97,2024-10-02,M,1,C57BL6/J,EEGAP
4007,30.93,2024-10-09,M,1,C57BL6/J,EEGAP
4007,30.38,2024-10-16,M,1,C57BL6/J,EEGAP
4007,32.13,2024-10-23,M,1,C57BL6/J,EEGAP
4008,25.5,2024-03-29,M,1,C57BL6/J,EEGAP
4008,26.1,2024-04-01,M,1,C57BL6/J,EEGAP
4008,25.55,2024-04-03,M,1,C57BL6/J,EEGAP
4008,27.21,2024-04-10,M,1,C57BL6/J,EEGAP
4008,28.28,2024-04-17,M,1,C57BL6/J,EEGAP
4008,29.8,2024-04-24,M,1,C57BL6/J,EEGAP
4008,29.59,2024-05-01,M,1,C57BL6/J,EEGAP
4008,30.65,2024-05-08,M,1,C57BL6/J,EEGAP
4008,29.1,2024-05-15,M,1,C57BL6/J,EEGAP
4008,28.48,2024-05-22,M,1,C57BL6/J,EEGAP
4008,29.56,2024-05-29,M,1,C57BL6/J,EEGAP
4008,28.94,2024-06-05,M,1,C57BL6/J,EEGAP
4008,29.2,2024-06-12,M,1,C57BL6/J,EEGAP
4008,29,2024-06-19,M,1,C57BL6/J,EEGAP
4008,28.52,2024-06-26,M,1,C57BL6/J,EEGAP
4008,30.7,2024-07-02,M,1,C57BL6/J,EEGAP
4008,29.85,2024-07-03,M,1,C57BL6/J,EEGAP
4008,29.55,2024-07-10,M,1,C57BL6/J,EEGAP
4008,31.05,2024-07-17,M,1,C57BL6/J,EEGAP
4008,31.17,2024-07-24,M,1,C57BL6/J,EEGAP
4008,32.46,2024-07-31,M,1,C57BL6/J,EEGAP
4008,31.3,2024-08-07,M,1,C57BL6/J,EEGAP
4008,31,2024-08-14,M,1,C57BL6/J,EEGAP
4008,32.8,2024-08-21,M,1,C57BL6/J,EEGAP
4008,32.7,2024-08-28,M,1,C57BL6/J,EEGAP
4008,33,2024-09-04,M,1,C57BL6/J,EEGAP
4008,33.7,2024-09-11,M,1,C57BL6/J,EEGAP
4008,33.8,2024-09-18,M,1,C57BL6/J,EEGAP
4008,35.3,2024-09-25,M,1,C57BL6/J,EEGAP
4008,34.8,2024-10-02,M,1,C57BL6/J,EEGAP
4008,36.16,2024-10-09,M,1,C57BL6/J,EEGAP
4008,37.82,2024-10-16,M,1,C57BL6/J,EEGAP
4008,37.25,2024-10-23,M,1,C57BL6/J,EEGAP
4009,25,2024-03-29,M,1,C57BL6/J,EEGAP
4009,24.9,2024-04-01,M,1,C57BL6/J,EEGAP
4009,25.55,2024-04-03,M,1,C57BL6/J,EEGAP
4009,26.05,2024-04-10,M,1,C57BL6/J,EEGAP
4009,27.7,2024-04-17,M,1,C57BL6/J,EEGAP
4009,28.49,2024-04-24,M,1,C57BL6/J,EEGAP
4009,29.67,2024-05-01,M,1,C57BL6/J,EEGAP
4009,31.48,2024-05-08,M,1,C57BL6/J,EEGAP
4009,30.52,2024-05-15,M,1,C57BL6/J,EEGAP
4009,29.84,2024-05-22,M,1,C57BL6/J,EEGAP
4009,30.1,2024-05-29,M,1,C57BL6/J,EEGAP
4009,30.1,2024-06-05,M,1,C57BL6/J,EEGAP
4009,28.63,2024-06-12,M,1,C57BL6/J,EEGAP
4009,29.22,2024-06-19,M,1,C57BL6/J,EEGAP
4009,28.28,2024-06-26,M,1,C57BL6/J,EEGAP
4009,29.6,2024-07-02,M,1,C57BL6/J,EEGAP
4009,29.04,2024-07-03,M,1,C57BL6/J,EEGAP
4009,29.1,2024-07-10,M,1,C57BL6/J,EEGAP
4009,29.63,2024-07-17,M,1,C57BL6/J,EEGAP
4009,29.75,2024-07-24,M,1,C57BL6/J,EEGAP
4009,30.41,2024-07-31,M,1,C57BL6/J,EEGAP
4009,31.2,2024-08-07,M,1,C57BL6/J,EEGAP
4009,30.7,2024-08-14,M,1,C57BL6/J,EEGAP
4009,31.5,2024-08-21,M,1,C57BL6/J,EEGAP
4009,32.2,2024-08-28,M,1,C57BL6/J,EEGAP
4009,33.5,2024-09-04,M,1,C57BL6/J,EEGAP
4009,33.4,2024-09-11,M,1,C57BL6/J,EEGAP
4009,33.8,2024-09-18,M,1,C57BL6/J,EEGAP
4009,34.8,2024-09-25,M,1,C57BL6/J,EEGAP
4009,34.89,2024-10-02,M,1,C57BL6/J,EEGAP
4009,35.06,2024-10-09,M,1,C57BL6/J,EEGAP
4009,34.85,2024-10-16,M,1,C57BL6/J,EEGAP
4009,36.96,2024-10-23,M,1,C57BL6/J,EEGAP
4010,24.7,2024-03-29,M,1,C57BL6/J,EEGAP
4010,25,2024-04-01,M,1,C57BL6/J,EEGAP
4010,24.39,2024-04-03,M,1,C57BL6/J,EEGAP
4010,23.84,2024-04-10,M,1,C57BL6/J,EEGAP
4010,24.94,2024-04-17,M,1,C57BL6/J,EEGAP
4010,25.43,2024-04-24,M,1,C57BL6/J,EEGAP
4010,26.33,2024-05-01,M,1,C57BL6/J,EEGAP
4010,27.46,2024-05-08,M,1,C57BL6/J,EEGAP
4010,29.32,2024-05-15,M,1,C57BL6/J,EEGAP
4010,29.24,2024-05-22,M,1,C57BL6/J,EEGAP
4010,29.79,2024-05-29,M,1,C57BL6/J,EEGAP
4010,30.88,2024-06-05,M,1,C57BL6/J,EEGAP
4010,29.78,2024-06-12,M,1,C57BL6/J,EEGAP
4010,30.57,2024-06-19,M,1,C57BL6/J,EEGAP
4010,30.62,2024-06-26,M,1,C57BL6/J,EEGAP
4010,30.9,2024-07-02,M,1,C57BL6/J,EEGAP
4010,30.31,2024-07-03,M,1,C57BL6/J,EEGAP
4010,31.24,2024-07-10,M,1,C57BL6/J,EEGAP
4010,32.08,2024-07-17,M,1,C57BL6/J,EEGAP
4010,32.23,2024-07-24,M,1,C57BL6/J,EEGAP
4010,32.11,2024-07-31,M,1,C57BL6/J,EEGAP
4010,33,2024-08-07,M,1,C57BL6/J,EEGAP
4010,33.2,2024-08-14,M,1,C57BL6/J,EEGAP
4010,33.8,2024-08-21,M,1,C57BL6/J,EEGAP
4010,33.9,2024-08-28,M,1,C57BL6/J,EEGAP
4010,34.4,2024-09-04,M,1,C57BL6/J,EEGAP
4010,35.2,2024-09-11,M,1,C57BL6/J,EEGAP
4010,26.2,2024-09-18,M,1,C57BL6/J,EEGAP
4010,36.6,2024-09-25,M,1,C57BL6/J,EEGAP
4010,36.62,2024-10-02,M,1,C57BL6/J,EEGAP
4010,36.56,2024-10-09,M,1,C57BL6/J,EEGAP
4010,37.41,2024-10-16,M,1,C57BL6/J,EEGAP
4010,38.07,2024-10-23,M,1,C57BL6/J,EEGAP
4011,23.03,2024-03-29,M,1,C57BL6/J,EEGAP
4011,23,2024-04-01,M,1,C57BL6/J,EEGAP
4011,23.55,2024-04-03,M,1,C57BL6/J,EEGAP
4011,23.99,2024-04-10,M,1,C57BL6/J,EEGAP
4011,25.2,2024-04-17,M,1,C57BL6/J,EEGAP
4011,25.08,2024-04-24,M,1,C57BL6/J,EEGAP
4011,26.94,2024-05-01,M,1,C57BL6/J,EEGAP
4011,27.99,2024-05-08,M,1,C57BL6/J,EEGAP
4011,27.77,2024-05-15,M,1,C57BL6/J,EEGAP
4011,27.56,2024-05-22,M,1,C57BL6/J,EEGAP
4011,28.35,2024-05-29,M,1,C57BL6/J,EEGAP
4011,28.9,2024-06-05,M,1,C57BL6/J,EEGAP
4011,27.47,2024-06-12,M,1,C57BL6/J,EEGAP
4011,27.04,2024-06-19,M,1,C57BL6/J,EEGAP
4011,27.57,2024-06-26,M,1,C57BL6/J,EEGAP
4011,27.6,2024-07-02,M,1,C57BL6/J,EEGAP
4011,28.3,2024-07-03,M,1,C57BL6/J,EEGAP
4011,28.86,2024-07-10,M,1,C57BL6/J,EEGAP
4011,27.55,2024-07-17,M,1,C57BL6/J,EEGAP
4011,28.66,2024-07-24,M,1,C57BL6/J,EEGAP
4011,28.94,2024-07-31,M,1,C57BL6/J,EEGAP
4011,30.7,2024-08-07,M,1,C57BL6/J,EEGAP
4011,31,2024-08-14,M,1,C57BL6/J,EEGAP
4011,31.3,2024-08-21,M,1,C57BL6/J,EEGAP
4011,31.9,2024-08-28,M,1,C57BL6/J,EEGAP
4011,33.3,2024-09-04,M,1,C57BL6/J,EEGAP
4011,33.3,2024-09-11,M,1,C57BL6/J,EEGAP
4011,33.8,2024-09-18,M,1,C57BL6/J,EEGAP
4011,33.4,2024-09-25,M,1,C57BL6/J,EEGAP
4011,34.12,2024-10-02,M,1,C57BL6/J,EEGAP
4011,34.34,2024-10-09,M,1,C57BL6/J,EEGAP
4011,34.55,2024-10-16,M,1,C57BL6/J,EEGAP
4011,33.71,2024-10-23,M,1,C57BL6/J,EEGAP
4012,23.44,2024-03-29,M,1,C57BL6/J,EEGAP
4012,24.3,2024-04-01,M,1,C57BL6/J,EEGAP
4012,24.9,2024-04-03,M,1,C57BL6/J,EEGAP
4012,24.29,2024-04-10,M,1,C57BL6/J,EEGAP
4012,24.73,2024-04-17,M,1,C57BL6/J,EEGAP
4012,25.98,2024-04-24,M,1,C57BL6/J,EEGAP
4012,26.59,2024-05-01,M,1,C57BL6/J,EEGAP
4012,26.54,2024-05-08,M,1,C57BL6/J,EEGAP
4012,25.94,2024-05-15,M,1,C57BL6/J,EEGAP
4012,27.42,2024-05-22,M,1,C57BL6/J,EEGAP
4012,27.35,2024-05-29,M,1,C57BL6/J,EEGAP
4012,26.3,2024-06-05,M,1,C57BL6/J,EEGAP
4012,26.52,2024-06-12,M,1,C57BL6/J,EEGAP
4012,27.36,2024-06-19,M,1,C57BL6/J,EEGAP
4012,27.33,2024-06-26,M,1,C57BL6/J,EEGAP
4012,27.3,2024-07-02,M,1,C57BL6/J,EEGAP
4012,26.68,2024-07-03,M,1,C57BL6/J,EEGAP
4012,27.99,2024-07-10,M,1,C57BL6/J,EEGAP
4012,25.91,2024-07-17,M,1,C57BL6/J,EEGAP
4012,27.18,2024-07-24,M,1,C57BL6/J,EEGAP
4012,27.28,2024-07-31,M,1,C57BL6/J,EEGAP
4012,26.8,2024-08-07,M,1,C57BL6/J,EEGAP
4012,27.8,2024-08-14,M,1,C57BL6/J,EEGAP
4012,27.6,2024-08-21,M,1,C57BL6/J,EEGAP
4012,27.4,2024-08-28,M,1,C57BL6/J,EEGAP
4012,28,2024-09-04,M,1,C57BL6/J,EEGAP
4012,28.5,2024-09-11,M,1,C57BL6/J,EEGAP
4012,30.2,2024-09-18,M,1,C57BL6/J,EEGAP
4012,29.7,2024-09-25,M,1,C57BL6/J,EEGAP
4012,29.89,2024-10-02,M,1,C57BL6/J,EEGAP
4012,31,2024-10-09,M,1,C57BL6/J,EEGAP
4012,30.91,2024-10-16,M,1,C57BL6/J,EEGAP
4012,30.73,2024-10-23,M,1,C57BL6/J,EEGAP
4013,22,2024-03-29,M,1,C57BL6/J,EEGAP
4013,22.9,2024-04-01,M,1,C57BL6/J,EEGAP
4013,22.6,2024-04-03,M,1,C57BL6/J,EEGAP
4013,23.14,2024-04-10,M,1,C57BL6/J,EEGAP
4013,22.93,2024-04-17,M,1,C57BL6/J,EEGAP
4013,23.22,2024-04-24,M,1,C57BL6/J,EEGAP
4013,23.83,2024-05-01,M,1,C57BL6/J,EEGAP
4013,24.49,2024-05-08,M,1,C57BL6/J,EEGAP
4013,25.37,2024-05-15,M,1,C57BL6/J,EEGAP
4013,25.41,2024-05-22,M,1,C57BL6/J,EEGAP
4013,25.1,2024-05-29,M,1,C57BL6/J,EEGAP
4013,26.29,2024-06-05,M,1,C57BL6/J,EEGAP
4013,26.3,2024-06-12,M,1,C57BL6/J,EEGAP
4013,25.78,2024-06-19,M,1,C57BL6/J,EEGAP
4013,26.05,2024-06-26,M,1,C57BL6/J,EEGAP
4013,27.4,2024-07-02,M,1,C57BL6/J,EEGAP
4013,26.96,2024-07-03,M,1,C57BL6/J,EEGAP
4013,27.38,2024-07-10,M,1,C57BL6/J,EEGAP
4013,26.87,2024-07-17,M,1,C57BL6/J,EEGAP
4013,26.65,2024-07-24,M,1,C57BL6/J,EEGAP
4013,27.77,2024-07-31,M,1,C57BL6/J,EEGAP
4013,27.5,2024-08-07,M,1,C57BL6/J,EEGAP
4013,28.1,2024-08-14,M,1,C57BL6/J,EEGAP
4013,28.4,2024-08-21,M,1,C57BL6/J,EEGAP
4013,27.9,2024-08-28,M,1,C57BL6/J,EEGAP
4013,27.6,2024-09-04,M,1,C57BL6/J,EEGAP
4013,28,2024-09-11,M,1,C57BL6/J,EEGAP
4013,28.3,2024-09-18,M,1,C57BL6/J,EEGAP
4013,28.7,2024-09-25,M,1,C57BL6/J,EEGAP
4013,28.18,2024-10-02,M,1,C57BL6/J,EEGAP
4013,29.03,2024-10-09,M,1,C57BL6/J,EEGAP
4013,28.03,2024-10-16,M,1,C57BL6/J,EEGAP
4013,28.58,2024-10-23,M,1,C57BL6/J,EEGAP
4014,24.45,2024-03-29,M,1,C57BL6/J,EEGAP
4014,24.9,2024-04-01,M,1,C57BL6/J,EEGAP
4014,24.4,2024-04-03,M,1,C57BL6/J,EEGAP
4014,24.24,2024-04-10,M,1,C57BL6/J,EEGAP
4014,24.26,2024-04-17,M,1,C57BL6/J,EEGAP
4014,24.5,2024-04-24,M,1,C57BL6/J,EEGAP
4014,24.98,2024-05-01,M,1,C57BL6/J,EEGAP
4014,25.58,2024-05-08,M,1,C57BL6/J,EEGAP
4014,25.83,2024-05-15,M,1,C57BL6/J,EEGAP
4014,26.34,2024-05-22,M,1,C57BL6/J,EEGAP
4014,26.74,2024-05-29,M,1,C57BL6/J,EEGAP
4014,25.88,2024-06-05,M,1,C57BL6/J,EEGAP
4014,26.41,2024-06-12,M,1,C57BL6/J,EEGAP
4014,27.99,2024-06-19,M,1,C57BL6/J,EEGAP
4014,27.82,2024-06-26,M,1,C57BL6/J,EEGAP
4014,28,2024-07-02,M,1,C57BL6/J,EEGAP
4014,27.76,2024-07-03,M,1,C57BL6/J,EEGAP
4014,28.28,2024-07-10,M,1,C57BL6/J,EEGAP
4014,28.4,2024-07-17,M,1,C57BL6/J,EEGAP
4014,27.8,2024-07-24,M,1,C57BL6/J,EEGAP
4014,28.93,2024-07-31,M,1,C57BL6/J,EEGAP
4014,27.8,2024-08-07,M,1,C57BL6/J,EEGAP
4014,27.6,2024-08-14,M,1,C57BL6/J,EEGAP
4014,28.7,2024-08-21,M,1,C57BL6/J,EEGAP
4014,29.8,2024-08-28,M,1,C57BL6/J,EEGAP
4014,29.3,2024-09-04,M,1,C57BL6/J,EEGAP
4014,29,2024-09-11,M,1,C57BL6/J,EEGAP
4014,30.7,2024-09-18,M,1,C57BL6/J,EEGAP
4014,30.7,2024-09-25,M,1,C57BL6/J,EEGAP
4014,30.86,2024-10-02,M,1,C57BL6/J,EEGAP
4014,31.91,2024-10-09,M,1,C57BL6/J,EEGAP
4014,32.35,2024-10-16,M,1,C57BL6/J,EEGAP
4014,32.05,2024-10-23,M,1,C57BL6/J,EEGAP
4015,24.31,2024-03-29,M,1,C57BL6/J,EEGAP
4015,24.6,2024-04-01,M,1,C57BL6/J,EEGAP
4015,23.33,2024-04-03,M,1,C57BL6/J,EEGAP
4015,23.18,2024-04-10,M,1,C57BL6/J,EEGAP
4015,23.76,2024-04-17,M,1,C57BL6/J,EEGAP
4015,24.37,2024-04-24,M,1,C57BL6/J,EEGAP
4015,24.59,2024-05-01,M,1,C57BL6/J,EEGAP
4015,24.9,2024-05-08,M,1,C57BL6/J,EEGAP
4015,25.37,2024-05-15,M,1,C57BL6/J,EEGAP
4015,26.24,2024-05-22,M,1,C57BL6/J,EEGAP
4015,26.72,2024-05-29,M,1,C57BL6/J,EEGAP
4015,27.1,2024-06-05,M,1,C57BL6/J,EEGAP
4015,27.93,2024-06-12,M,1,C57BL6/J,EEGAP
4015,28.96,2024-06-19,M,1,C57BL6/J,EEGAP
4015,29.16,2024-06-26,M,1,C57BL6/J,EEGAP
4015,30.5,2024-07-02,M,1,C57BL6/J,EEGAP
4015,29.6,2024-07-03,M,1,C57BL6/J,EEGAP
4015,30.05,2024-07-10,M,1,C57BL6/J,EEGAP
4015,29.65,2024-07-17,M,1,C57BL6/J,EEGAP
4015,30.11,2024-07-24,M,1,C57BL6/J,EEGAP
4015,31.22,2024-07-31,M,1,C57BL6/J,EEGAP
4015,32,2024-08-07,M,1,C57BL6/J,EEGAP
4015,33.5,2024-08-14,M,1,C57BL6/J,EEGAP
4015,34.2,2024-08-21,M,1,C57BL6/J,EEGAP
4015,34.7,2024-08-28,M,1,C57BL6/J,EEGAP
4015,34.8,2024-09-04,M,1,C57BL6/J,EEGAP
4015,35.9,2024-09-11,M,1,C57BL6/J,EEGAP
4015,37,2024-09-18,M,1,C57BL6/J,EEGAP
4015,36.6,2024-09-25,M,1,C57BL6/J,EEGAP
4015,36.85,2024-10-02,M,1,C57BL6/J,EEGAP
4015,36.83,2024-10-09,M,1,C57BL6/J,EEGAP
4015,37.65,2024-10-16,M,1,C57BL6/J,EEGAP
4015,37.4,2024-10-23,M,1,C57BL6/J,EEGAP
4016,24.64,2024-03-29,M,1,C57BL6/J,EEGAP
4016,24.4,2024-04-01,M,1,C57BL6/J,EEGAP
4016,24.02,2024-04-03,M,1,C57BL6/J,EEGAP
4016,23.51,2024-04-10,M,1,C57BL6/J,EEGAP
4016,23.53,2024-04-17,M,1,C57BL6/J,EEGAP
4016,22.97,2024-04-24,M,1,C57BL6/J,EEGAP
4016,24.28,2024-05-01,M,1,C57BL6/J,EEGAP
4016,24.41,2024-05-08,M,1,C57BL6/J,EEGAP
4016,25.43,2024-05-15,M,1,C57BL6/J,EEGAP
4016,26.11,2024-05-22,M,1,C57BL6/J,EEGAP
4016,25.73,2024-05-29,M,1,C57BL6/J,EEGAP
4016,25.81,2024-06-05,M,1,C57BL6/J,EEGAP
4016,25.74,2024-06-12,M,1,C57BL6/J,EEGAP
4016,25.79,2024-06-19,M,1,C57BL6/J,EEGAP
4016,25.78,2024-06-26,M,1,C57BL6/J,EEGAP
4016,26.3,2024-07-02,M,1,C57BL6/J,EEGAP
4016,25.89,2024-07-03,M,1,C57BL6/J,EEGAP
4016,25.55,2024-07-10,M,1,C57BL6/J,EEGAP
4016,26.49,2024-07-17,M,1,C57BL6/J,EEGAP
4016,26.83,2024-07-24,M,1,C57BL6/J,EEGAP
4016,26.63,2024-07-31,M,1,C57BL6/J,EEGAP
4016,27.9,2024-08-07,M,1,C57BL6/J,EEGAP
4016,27.5,2024-08-14,M,1,C57BL6/J,EEGAP
4016,28.2,2024-08-21,M,1,C57BL6/J,EEGAP
4016,28.4,2024-08-28,M,1,C57BL6/J,EEGAP
4016,28,2024-09-04,M,1,C57BL6/J,EEGAP
4016,28.6,2024-09-11,M,1,C57BL6/J,EEGAP
4016,30.3,2024-09-18,M,1,C57BL6/J,EEGAP
4016,29.8,2024-09-25,M,1,C57BL6/J,EEGAP
4016,29.19,2024-10-02,M,1,C57BL6/J,EEGAP
4016,28.18,2024-10-09,M,1,C57BL6/J,EEGAP
4016,28.33,2024-10-16,M,1,C57BL6/J,EEGAP
4016,29.54,2024-10-23,M,1,C57BL6/J,EEGAP
4017,24.46,2024-04-03,M,0,C57BL6/J,CLARITY
4017,24.1,2024-04-10,M,0,C57BL6/J,CLARITY
4017,25.2,2024-04-17,M,0,C57BL6/J,CLARITY
4017,27.15,2024-04-24,M,0,C57BL6/J,CLARITY
4017,28.96,2024-05-01,M,0,C57BL6/J,CLARITY
4017,30.19,2024-05-08,M,0,C57BL6/J,CLARITY
4017,29.04,2024-05-15,M,0,C57BL6/J,CLARITY
4017,27.83,2024-05-22,M,0,C57BL6/J,CLARITY
4017,29.55,2024-05-29,M,0,C57BL6/J,CLARITY
4017,29.38,2024-06-05,M,0,C57BL6/J,CLARITY
4017,28.77,2024-06-12,M,0,C57BL6/J,CLARITY
4017,28.84,2024-06-19,M,0,C57BL6/J,CLARITY
4017,28.58,2024-06-26,M,0,C57BL6/J,CLARITY
4017,30.4,2024-07-02,M,0,C57BL6/J,CLARITY
4017,30.51,2024-07-03,M,0,C57BL6/J,CLARITY
4017,30.19,2024-07-10,M,0,C57BL6/J,CLARITY
4017,30.35,2024-07-17,M,0,C57BL6/J,CLARITY
4017,31.08,2024-07-24,M,0,C57BL6/J,CLARITY
4017,31.03,2024-07-31,M,0,C57BL6/J,CLARITY
4017,31.3,2024-08-07,M,0,C57BL6/J,CLARITY
4017,30.9,2024-08-14,M,0,C57BL6/J,CLARITY
4017,31.9,2024-08-21,M,0,C57BL6/J,CLARITY
4017,32.2,2024-08-26,M,0,C57BL6/J,CLARITY
4017,35.31,2024-08-30,M,0,C57BL6/J,CLARITY
4018,22.35,2024-04-03,M,0,C57BL6/J,CLARITY
4018,23.41,2024-04-10,M,0,C57BL6/J,CLARITY
4018,24.05,2024-04-17,M,0,C57BL6/J,CLARITY
4018,24.65,2024-04-24,M,0,C57BL6/J,CLARITY
4018,25.68,2024-05-01,M,0,C57BL6/J,CLARITY
4018,26.82,2024-05-08,M,0,C57BL6/J,CLARITY
4018,25.98,2024-05-15,M,0,C57BL6/J,CLARITY
4018,26.63,2024-05-22,M,0,C57BL6/J,CLARITY
4018,26.51,2024-05-29,M,0,C57BL6/J,CLARITY
4018,27.17,2024-06-05,M,0,C57BL6/J,CLARITY
4018,27.09,2024-06-12,M,0,C57BL6/J,CLARITY
4018,26.08,2024-06-19,M,0,C57BL6/J,CLARITY
4018,26.08,2024-06-26,M,0,C57BL6/J,CLARITY
4018,26.7,2024-07-02,M,0,C57BL6/J,CLARITY
4018,26.82,2024-07-03,M,0,C57BL6/J,CLARITY
4018,26.56,2024-07-10,M,0,C57BL6/J,CLARITY
4018,27.25,2024-07-17,M,0,C57BL6/J,CLARITY
4018,27.82,2024-07-24,M,0,C57BL6/J,CLARITY
4018,26.83,2024-07-31,M,0,C57BL6/J,CLARITY
4018,27,2024-08-07,M,0,C57BL6/J,CLARITY
4018,27.9,2024-08-14,M,0,C57BL6/J,CLARITY
4018,28.3,2024-08-21,M,0,C57BL6/J,CLARITY
4018,28.4,2024-08-26,M,0,C57BL6/J,CLARITY
4018,30.13,2024-08-30,M,0,C57BL6/J,CLARITY
4019,24.28,2024-04-03,M,0,C57BL6/J,CLARITY
4019,25.33,2024-04-10,M,0,C57BL6/J,CLARITY
4019,25.62,2024-04-17,M,0,C57BL6/J,CLARITY
4019,27.53,2024-04-24,M,0,C57BL6/J,CLARITY
4019,28.43,2024-05-01,M,0,C57BL6/J,CLARITY
4019,28.67,2024-05-08,M,0,C57BL6/J,CLARITY
4019,29.74,2024-05-15,M,0,C57BL6/J,CLARITY
4019,29.31,2024-05-22,M,0,C57BL6/J,CLARITY
4019,29.37,2024-05-29,M,0,C57BL6/J,CLARITY
4019,30.24,2024-06-05,M,0,C57BL6/J,CLARITY
4019,28.65,2024-06-12,M,0,C57BL6/J,CLARITY
4019,30.6,2024-06-19,M,0,C57BL6/J,CLARITY
4019,30.35,2024-06-26,M,0,C57BL6/J,CLARITY
4019,30,2024-07-02,M,0,C57BL6/J,CLARITY
4019,30.22,2024-07-03,M,0,C57BL6/J,CLARITY
4019,29.54,2024-07-10,M,0,C57BL6/J,CLARITY
4019,28.66,2024-07-17,M,0,C57BL6/J,CLARITY
4019,28.9,2024-07-24,M,0,C57BL6/J,CLARITY
4019,29.36,2024-07-31,M,0,C57BL6/J,CLARITY
4019,28,2024-08-07,M,0,C57BL6/J,CLARITY
4019,29.2,2024-08-14,M,0,C57BL6/J,CLARITY
4019,29.6,2024-08-21,M,0,C57BL6/J,CLARITY
4019,30.2,2024-08-26,M,0,C57BL6/J,CLARITY
4019,25.92,2024-08-30,M,0,C57BL6/J,CLARITY
4020,21.82,2024-04-03,M,0,C57BL6/J,CLARITY
4020,22.14,2024-04-10,M,0,C57BL6/J,CLARITY
4020,22.4,2024-04-17,M,0,C57BL6/J,CLARITY
4020,22.54,2024-04-24,M,0,C57BL6/J,CLARITY
4020,23.31,2024-05-01,M,0,C57BL6/J,CLARITY
4020,23.55,2024-05-08,M,0,C57BL6/J,CLARITY
4020,23.57,2024-05-15,M,0,C57BL6/J,CLARITY
4020,24.61,2024-05-22,M,0,C57BL6/J,CLARITY
4020,24.03,2024-05-29,M,0,C57BL6/J,CLARITY
4020,24.55,2024-06-05,M,0,C57BL6/J,CLARITY
4020,24.6,2024-06-12,M,0,C57BL6/J,CLARITY
4020,25.76,2024-06-19,M,0,C57BL6/J,CLARITY
4020,25.25,2024-06-26,M,0,C57BL6/J,CLARITY
4020,25.4,2024-07-02,M,0,C57BL6/J,CLARITY
4020,25.53,2024-07-03,M,0,C57BL6/J,CLARITY
4020,25.75,2024-07-10,M,0,C57BL6/J,CLARITY
4020,26.15,2024-07-17,M,0,C57BL6/J,CLARITY
4020,25.85,2024-07-24,M,0,C57BL6/J,CLARITY
4020,26.84,2024-07-31,M,0,C57BL6/J,CLARITY
4020,26.1,2024-08-07,M,0,C57BL6/J,CLARITY
4020,26.9,2024-08-14,M,0,C57BL6/J,CLARITY
4020,27.8,2024-08-21,M,0,C57BL6/J,CLARITY
4020,28.6,2024-08-26,M,0,C57BL6/J,CLARITY
4020,31.89,2024-08-30,M,0,C57BL6/J,CLARITY
4021,23.78,2024-04-03,M,0,C57BL6/J,CLARITY
4021,23.66,2024-04-10,M,0,C57BL6/J,CLARITY
4021,24.02,2024-04-17,M,0,C57BL6/J,CLARITY
4021,23.51,2024-04-24,M,0,C57BL6/J,CLARITY
4021,24.32,2024-05-01,M,0,C57BL6/J,CLARITY
4021,25.14,2024-05-08,M,0,C57BL6/J,CLARITY
4021,25.4,2024-05-15,M,0,C57BL6/J,CLARITY
4021,25,2024-05-22,M,0,C57BL6/J,CLARITY
4021,26.11,2024-05-29,M,0,C57BL6/J,CLARITY
4021,26.28,2024-06-05,M,0,C57BL6/J,CLARITY
4021,25.9,2024-06-12,M,0,C57BL6/J,CLARITY
4021,26.66,2024-06-19,M,0,C57BL6/J,CLARITY
4021,26.89,2024-06-26,M,0,C57BL6/J,CLARITY
4021,27.6,2024-07-02,M,0,C57BL6/J,CLARITY
4021,27.35,2024-07-03,M,0,C57BL6/J,CLARITY
4021,27.92,2024-07-10,M,0,C57BL6/J,CLARITY
4021,28.2,2024-07-17,M,0,C57BL6/J,CLARITY
4021,28.71,2024-07-24,M,0,C57BL6/J,CLARITY
4021,29.02,2024-07-31,M,0,C57BL6/J,CLARITY
4021,29.3,2024-08-07,M,0,C57BL6/J,CLARITY
4021,29.8,2024-08-14,M,0,C57BL6/J,CLARITY
4021,30.9,2024-08-21,M,0,C57BL6/J,CLARITY
4021,31.3,2024-08-26,M,0,C57BL6/J,CLARITY
4021,33,2024-08-30,M,0,C57BL6/J,CLARITY
4022,24.21,2024-04-03,M,0,C57BL6/J,CLARITY
4022,24.5,2024-04-10,M,0,C57BL6/J,CLARITY
4022,24.77,2024-04-17,M,0,C57BL6/J,CLARITY
4022,25.28,2024-04-24,M,0,C57BL6/J,CLARITY
4022,26.36,2024-05-01,M,0,C57BL6/J,CLARITY
4022,26.96,2024-05-08,M,0,C57BL6/J,CLARITY
4022,25.98,2024-05-15,M,0,C57BL6/J,CLARITY
4022,27.02,2024-05-22,M,0,C57BL6/J,CLARITY
4022,28.89,2024-05-29,M,0,C57BL6/J,CLARITY
4022,29.84,2024-06-05,M,0,C57BL6/J,CLARITY
4022,29.39,2024-06-12,M,0,C57BL6/J,CLARITY
4022,30.25,2024-06-19,M,0,C57BL6/J,CLARITY
4022,30.74,2024-06-26,M,0,C57BL6/J,CLARITY
4022,32.8,2024-07-02,M,0,C57BL6/J,CLARITY
4022,31.9,2024-07-03,M,0,C57BL6/J,CLARITY
4022,31.8,2024-07-10,M,0,C57BL6/J,CLARITY
4022,31.98,2024-07-17,M,0,C57BL6/J,CLARITY
4022,32.5,2024-07-24,M,0,C57BL6/J,CLARITY
4022,32.6,2024-07-31,M,0,C57BL6/J,CLARITY
4022,33.3,2024-08-07,M,0,C57BL6/J,CLARITY
4022,33.8,2024-08-14,M,0,C57BL6/J,CLARITY
4022,34.1,2024-08-21,M,0,C57BL6/J,CLARITY
4022,34.4,2024-08-26,M,0,C57BL6/J,CLARITY
4022,35.62,2024-08-30,M,0,C57BL6/J,CLARITY
7858,23,2024-04-22,M,0,C57BL6/J,CLARITY
7858,23,2024-04-22,M,0,C57BL6/J,CLARITY
7858,23.5,2024-04-24,M,0,C57BL6/J,CLARITY
7858,23.5,2024-04-24,M,0,C57BL6/J,CLARITY
7858,23.72,2024-05-01,M,0,C57BL6/J,CLARITY
7858,23.72,2024-05-01,M,0,C57BL6/J,CLARITY
7858,24.55,2024-05-08,M,0,C57BL6/J,CLARITY
7858,24.55,2024-05-08,M,0,C57BL6/J,CLARITY
7858,24.34,2024-05-15,M,0,C57BL6/J,CLARITY
7858,24.34,2024-05-15,M,0,C57BL6/J,CLARITY
7858,25.18,2024-05-22,M,0,C57BL6/J,CLARITY
7858,25.18,2024-05-22,M,0,C57BL6/J,CLARITY
7858,24.54,2024-05-29,M,0,C57BL6/J,CLARITY
7858,24.54,2024-05-29,M,0,C57BL6/J,CLARITY
7858,26.64,2024-06-05,M,0,C57BL6/J,CLARITY
7858,26.64,2024-06-05,M,0,C57BL6/J,CLARITY
7858,26.18,2024-06-12,M,0,C57BL6/J,CLARITY
7858,26.18,2024-06-12,M,0,C57BL6/J,CLARITY
7858,26.66,2024-06-19,M,0,C57BL6/J,CLARITY
7858,26.66,2024-06-19,M,0,C57BL6/J,CLARITY
7858,27.65,2024-06-26,M,0,C57BL6/J,CLARITY
7858,27.65,2024-06-26,M,0,C57BL6/J,CLARITY
7858,28.2,2024-07-02,M,0,C57BL6/J,CLARITY
7858,28.2,2024-07-02,M,0,C57BL6/J,CLARITY
7858,27.76,2024-07-03,M,0,C57BL6/J,CLARITY
7858,27.76,2024-07-03,M,0,C57BL6/J,CLARITY
7858,27.86,2024-07-10,M,0,C57BL6/J,CLARITY
7858,27.86,2024-07-10,M,0,C57BL6/J,CLARITY
7858,27.74,2024-07-17,M,0,C57BL6/J,CLARITY
7858,27.74,2024-07-17,M,0,C57BL6/J,CLARITY
7858,27.53,2024-07-24,M,0,C57BL6/J,CLARITY
7858,27.53,2024-07-24,M,0,C57BL6/J,CLARITY
7858,27.7,2024-07-31,M,0,C57BL6/J,CLARITY
7858,27.7,2024-07-31,M,0,C57BL6/J,CLARITY
7858,29.6,2024-08-07,M,0,C57BL6/J,CLARITY
7858,29.6,2024-08-07,M,0,C57BL6/J,CLARITY
7858,30.6,2024-08-14,M,0,C57BL6/J,CLARITY
7858,30.6,2024-08-14,M,0,C57BL6/J,CLARITY
7858,30.4,2024-08-21,M,0,C57BL6/J,CLARITY
7858,30.4,2024-08-21,M,0,C57BL6/J,CLARITY
7858,29.7,2024-08-26,M,0,C57BL6/J,CLARITY
7858,29.7,2024-08-26,M,0,C57BL6/J,CLARITY
7858,30.21,2024-08-30,M,0,C57BL6/J,CLARITY
7858,30.21,2024-08-30,M,0,C57BL6/J,CLARITY
7859,24.8,2024-04-22,M,0,C57BL6/J,CLARITY
7859,24.8,2024-04-22,M,0,C57BL6/J,CLARITY
7859,22.4,2024-04-24,M,0,C57BL6/J,CLARITY
7859,22.4,2024-04-24,M,0,C57BL6/J,CLARITY
7859,23.41,2024-05-01,M,0,C57BL6/J,CLARITY
7859,23.41,2024-05-01,M,0,C57BL6/J,CLARITY
7859,23.39,2024-05-08,M,0,C57BL6/J,CLARITY
7859,23.39,2024-05-08,M,0,C57BL6/J,CLARITY
7859,24.65,2024-05-15,M,0,C57BL6/J,CLARITY
7859,24.65,2024-05-15,M,0,C57BL6/J,CLARITY
7859,25.2,2024-05-22,M,0,C57BL6/J,CLARITY
7859,25.2,2024-05-22,M,0,C57BL6/J,CLARITY
7859,25.83,2024-05-29,M,0,C57BL6/J,CLARITY
7859,25.83,2024-05-29,M,0,C57BL6/J,CLARITY
7859,25.46,2024-06-05,M,0,C57BL6/J,CLARITY
7859,25.46,2024-06-05,M,0,C57BL6/J,CLARITY
7859,25.48,2024-06-12,M,0,C57BL6/J,CLARITY
7859,25.48,2024-06-12,M,0,C57BL6/J,CLARITY
7859,26.6,2024-06-19,M,0,C57BL6/J,CLARITY
7859,26.6,2024-06-19,M,0,C57BL6/J,CLARITY
7859,26.14,2024-06-26,M,0,C57BL6/J,CLARITY
7859,26.14,2024-06-26,M,0,C57BL6/J,CLARITY
7859,26.1,2024-07-02,M,0,C57BL6/J,CLARITY
7859,26.1,2024-07-02,M,0,C57BL6/J,CLARITY
7859,26.01,2024-07-03,M,0,C57BL6/J,CLARITY
7859,26.01,2024-07-03,M,0,C57BL6/J,CLARITY
7859,27.32,2024-07-10,M,0,C57BL6/J,CLARITY
7859,27.32,2024-07-10,M,0,C57BL6/J,CLARITY
7859,27.42,2024-07-17,M,0,C57BL6/J,CLARITY
7859,27.42,2024-07-17,M,0,C57BL6/J,CLARITY
7859,27.69,2024-07-24,M,0,C57BL6/J,CLARITY
7859,27.69,2024-07-24,M,0,C57BL6/J,CLARITY
7859,26.5,2024-07-31,M,0,C57BL6/J,CLARITY
7859,26.5,2024-07-31,M,0,C57BL6/J,CLARITY
7859,26.9,2024-08-07,M,0,C57BL6/J,CLARITY
7859,26.9,2024-08-07,M,0,C57BL6/J,CLARITY
7859,28.3,2024-08-14,M,0,C57BL6/J,CLARITY
7859,28.3,2024-08-14,M,0,C57BL6/J,CLARITY
7859,28.8,2024-08-21,M,0,C57BL6/J,CLARITY
7859,28.8,2024-08-21,M,0,C57BL6/J,CLARITY
7859,29.2,2024-08-26,M,0,C57BL6/J,CLARITY
7859,29.2,2024-08-26,M,0,C57BL6/J,CLARITY
7859,33.28,2024-08-30,M,0,C57BL6/J,CLARITY
7859,33.28,2024-08-30,M,0,C57BL6/J,CLARITY
7860,25.35,2024-09-03,M,2,C57BL6/J,EEGAP
7860,25.28,2024-09-11,M,2,C57BL6/J,EEGAP
7860,25.65,2024-09-18,M,2,C57BL6/J,EEGAP
7860,26.75,2024-09-25,M,2,C57BL6/J,EEGAP
7860,29.53,2024-10-02,M,2,C57BL6/J,EEGAP
7860,30.24,2024-10-09,M,2,C57BL6/J,EEGAP
7860,30.21,2024-10-16,M,2,C57BL6/J,EEGAP
7860,30.27,2024-10-23,M,2,C57BL6/J,EEGAP
7860,30.53,2024-10-30,M,2,C57BL6/J,EEGAP
7860,31.85,2024-11-06,M,2,C57BL6/J,EEGAP
7860,32,2024-11-13,M,2,C57BL6/J,EEGAP
7860,33.41,2024-11-20,M,2,C57BL6/J,EEGAP
7860,33.74,2024-11-27,M,2,C57BL6/J,EEGAP
7860,34.47,2024-12-04,M,2,C57BL6/J,EEGAP
7861,24.6,2024-09-03,M,2,C57BL6/J,EEGAP
7861,24.89,2024-09-11,M,2,C57BL6/J,EEGAP
7861,25.45,2024-09-18,M,2,C57BL6/J,EEGAP
7861,26.75,2024-09-25,M,2,C57BL6/J,EEGAP
7861,28.96,2024-10-02,M,2,C57BL6/J,EEGAP
7861,29.32,2024-10-09,M,2,C57BL6/J,EEGAP
7861,29.56,2024-10-16,M,2,C57BL6/J,EEGAP
7861,30.46,2024-10-23,M,2,C57BL6/J,EEGAP
7861,31.48,2024-10-30,M,2,C57BL6/J,EEGAP
7861,32.24,2024-11-06,M,2,C57BL6/J,EEGAP
7861,32,2024-11-13,M,2,C57BL6/J,EEGAP
7861,31.36,2024-11-20,M,2,C57BL6/J,EEGAP
7861,31.83,2024-11-27,M,2,C57BL6/J,EEGAP
7861,30.85,2024-12-04,M,2,C57BL6/J,EEGAP
7862,24.1,2024-09-03,M,2,C57BL6/J,EEGAP
7862,23.78,2024-09-11,M,2,C57BL6/J,EEGAP
7862,24.5,2024-09-18,M,2,C57BL6/J,EEGAP
7862,26.16,2024-09-25,M,2,C57BL6/J,EEGAP
7862,27.08,2024-10-02,M,2,C57BL6/J,EEGAP
7862,27.55,2024-10-09,M,2,C57BL6/J,EEGAP
7862,27.65,2024-10-16,M,2,C57BL6/J,EEGAP
7862,29.15,2024-10-23,M,2,C57BL6/J,EEGAP
7862,29.4,2024-10-30,M,2,C57BL6/J,EEGAP
7862,30.43,2024-11-06,M,2,C57BL6/J,EEGAP
7862,31,2024-11-13,M,2,C57BL6/J,EEGAP
7862,31.15,2024-11-20,M,2,C57BL6/J,EEGAP
7862,31.45,2024-11-27,M,2,C57BL6/J,EEGAP
7862,32.06,2024-12-04,M,2,C57BL6/J,EEGAP
7863,26.51,2024-09-03,M,2,C57BL6/J,EEGAP
7863,28.06,2024-09-11,M,2,C57BL6/J,EEGAP
7863,28.14,2024-09-18,M,2,C57BL6/J,EEGAP
7863,28.12,2024-09-25,M,2,C57BL6/J,EEGAP
7863,29.45,2024-10-02,M,2,C57BL6/J,EEGAP
7863,29.33,2024-10-09,M,2,C57BL6/J,EEGAP
7863,29.48,2024-10-16,M,2,C57BL6/J,EEGAP
7863,30.27,2024-10-23,M,2,C57BL6/J,EEGAP
7863,31.01,2024-10-30,M,2,C57BL6/J,EEGAP
7863,30.39,2024-11-06,M,2,C57BL6/J,EEGAP
7863,31,2024-11-13,M,2,C57BL6/J,EEGAP
7863,31.52,2024-11-20,M,2,C57BL6/J,EEGAP
7863,31.22,2024-11-27,M,2,C57BL6/J,EEGAP
7863,32.4,2024-12-04,M,2,C57BL6/J,EEGAP
7864,25.82,2024-09-03,M,2,C57BL6/J,EEGAP
7864,25.4,2024-09-11,M,2,C57BL6/J,EEGAP
7864,25.14,2024-09-18,M,2,C57BL6/J,EEGAP
7864,25.44,2024-09-25,M,2,C57BL6/J,EEGAP
7864,27.26,2024-10-02,M,2,C57BL6/J,EEGAP
7864,28.52,2024-10-09,M,2,C57BL6/J,EEGAP
7864,28.2,2024-10-16,M,2,C57BL6/J,EEGAP
7864,28.62,2024-10-23,M,2,C57BL6/J,EEGAP
7864,30.56,2024-10-30,M,2,C57BL6/J,EEGAP
7864,31.47,2024-11-06,M,2,C57BL6/J,EEGAP
7864,33,2024-11-13,M,2,C57BL6/J,EEGAP
7864,32.91,2024-11-20,M,2,C57BL6/J,EEGAP
7864,33.73,2024-11-27,M,2,C57BL6/J,EEGAP
7864,35.29,2024-12-04,M,2,C57BL6/J,EEGAP
7865,28.36,2024-09-03,M,2,C57BL6/J,EEGAP
7865,27.43,2024-09-11,M,2,C57BL6/J,EEGAP
7865,28.67,2024-09-18,M,2,C57BL6/J,EEGAP
7865,29.09,2024-09-25,M,2,C57BL6/J,EEGAP
7865,31.3,2024-10-02,M,2,C57BL6/J,EEGAP
7865,32.03,2024-10-09,M,2,C57BL6/J,EEGAP
7865,33.74,2024-10-16,M,2,C57BL6/J,EEGAP
7865,34.88,2024-10-23,M,2,C57BL6/J,EEGAP
7865,35.6,2024-10-30,M,2,C57BL6/J,EEGAP
7865,36,2024-11-06,M,2,C57BL6/J,EEGAP
7865,36,2024-11-13,M,2,C57BL6/J,EEGAP
7865,38.23,2024-11-20,M,2,C57BL6/J,EEGAP
7865,38.19,2024-11-27,M,2,C57BL6/J,EEGAP
7865,39.33,2024-12-04,M,2,C57BL6/J,EEGAP
7866,22,2024-09-03,M,2,C57BL6/J,EEGAP
7866,21.77,2024-09-11,M,2,C57BL6/J,EEGAP
7866,23.3,2024-09-18,M,2,C57BL6/J,EEGAP
7866,23.65,2024-09-25,M,2,C57BL6/J,EEGAP
7866,24.26,2024-10-02,M,2,C57BL6/J,EEGAP
7866,24.52,2024-10-09,M,2,C57BL6/J,EEGAP
7866,23.81,2024-10-16,M,2,C57BL6/J,EEGAP
7866,25.55,2024-10-23,M,2,C57BL6/J,EEGAP
7866,25.32,2024-10-30,M,2,C57BL6/J,EEGAP
7866,26.81,2024-11-06,M,2,C57BL6/J,EEGAP
7866,27,2024-11-13,M,2,C57BL6/J,EEGAP
7866,26.21,2024-11-20,M,2,C57BL6/J,EEGAP
7866,26.91,2024-11-27,M,2,C57BL6/J,EEGAP
7866,27.22,2024-12-04,M,2,C57BL6/J,EEGAP
7867,24.65,2024-09-03,M,2,C57BL6/J,EEGAP
7867,23.93,2024-09-11,M,2,C57BL6/J,EEGAP
7867,23.84,2024-09-18,M,2,C57BL6/J,EEGAP
7867,24.83,2024-09-25,M,2,C57BL6/J,EEGAP
7867,25.99,2024-10-02,M,2,C57BL6/J,EEGAP
7867,25.8,2024-10-09,M,2,C57BL6/J,EEGAP
7867,25.93,2024-10-16,M,2,C57BL6/J,EEGAP
7867,27.36,2024-10-23,M,2,C57BL6/J,EEGAP
7867,26.95,2024-10-30,M,2,C57BL6/J,EEGAP
7867,27.97,2024-11-06,M,2,C57BL6/J,EEGAP
7867,30,2024-11-13,M,2,C57BL6/J,EEGAP
7867,30.8,2024-11-20,M,2,C57BL6/J,EEGAP
7867,31.36,2024-11-27,M,2,C57BL6/J,EEGAP
7867,32.2,2024-12-04,M,2,C57BL6/J,EEGAP
7868,24,2024-09-03,M,2,C57BL6/J,EEGAP
7868,23.2,2024-09-11,M,2,C57BL6/J,EEGAP
7868,23,2024-09-18,M,2,C57BL6/J,EEGAP
7868,23.48,2024-09-25,M,2,C57BL6/J,EEGAP
7868,23.87,2024-10-02,M,2,C57BL6/J,EEGAP
7868,23.23,2024-10-09,M,2,C57BL6/J,EEGAP
7868,23.57,2024-10-16,M,2,C57BL6/J,EEGAP
7868,23.77,2024-10-23,M,2,C57BL6/J,EEGAP
7868,25.33,2024-10-30,M,2,C57BL6/J,EEGAP
7868,25.08,2024-11-06,M,2,C57BL6/J,EEGAP
7868,25,2024-11-13,M,2,C57BL6/J,EEGAP
7868,24.61,2024-11-20,M,2,C57BL6/J,EEGAP
7868,24.86,2024-11-27,M,2,C57BL6/J,EEGAP
7868,25.2,2024-12-04,M,2,C57BL6/J,EEGAP
7869,25.14,2024-09-03,M,2,C57BL6/J,EEGAP
7869,23.4,2024-09-11,M,2,C57BL6/J,EEGAP
7869,23.54,2024-09-18,M,2,C57BL6/J,EEGAP
7869,23.57,2024-09-25,M,2,C57BL6/J,EEGAP
7869,23.66,2024-10-02,M,2,C57BL6/J,EEGAP
7869,23.88,2024-10-09,M,2,C57BL6/J,EEGAP
7869,24.42,2024-10-16,M,2,C57BL6/J,EEGAP
7869,25.22,2024-10-23,M,2,C57BL6/J,EEGAP
7869,25.48,2024-10-30,M,2,C57BL6/J,EEGAP
7869,25.43,2024-11-06,M,2,C57BL6/J,EEGAP
7869,26,2024-11-13,M,2,C57BL6/J,EEGAP
7869,26.53,2024-11-20,M,2,C57BL6/J,EEGAP
7869,26.18,2024-11-27,M,2,C57BL6/J,EEGAP
7869,27.3,2024-12-04,M,2,C57BL6/J,EEGAP
7870,21.15,2024-09-03,M,2,C57BL6/J,EEGAP
7870,21.59,2024-09-11,M,2,C57BL6/J,EEGAP
7870,21.11,2024-09-18,M,2,C57BL6/J,EEGAP
7870,20.9,2024-09-25,M,2,C57BL6/J,EEGAP
7870,21.38,2024-10-02,M,2,C57BL6/J,EEGAP
7870,21.64,2024-10-09,M,2,C57BL6/J,EEGAP
7870,21.62,2024-10-16,M,2,C57BL6/J,EEGAP
7870,21.15,2024-10-23,M,2,C57BL6/J,EEGAP
7870,22.2,2024-10-30,M,2,C57BL6/J,EEGAP
7870,22.88,2024-11-06,M,2,C57BL6/J,EEGAP
7870,22,2024-11-13,M,2,C57BL6/J,EEGAP
7870,22.62,2024-11-20,M,2,C57BL6/J,EEGAP
7870,22.78,2024-11-27,M,2,C57BL6/J,EEGAP
7870,23.05,2024-12-04,M,2,C57BL6/J,EEGAP
7871,27.08,2024-09-03,M,2,C57BL6/J,EEGAP
7871,26.28,2024-09-11,M,2,C57BL6/J,EEGAP
7871,26.22,2024-09-18,M,2,C57BL6/J,EEGAP
7871,27.4,2024-09-25,M,2,C57BL6/J,EEGAP
7871,27.14,2024-10-02,M,2,C57BL6/J,EEGAP
7871,27.92,2024-10-09,M,2,C57BL6/J,EEGAP
7871,28.83,2024-10-16,M,2,C57BL6/J,EEGAP
7871,29.32,2024-10-23,M,2,C57BL6/J,EEGAP
7871,30.26,2024-10-30,M,2,C57BL6/J,EEGAP
7871,30.81,2024-11-06,M,2,C57BL6/J,EEGAP
7871,30,2024-11-13,M,2,C57BL6/J,EEGAP
7871,30.79,2024-11-20,M,2,C57BL6/J,EEGAP
7871,31.49,2024-11-27,M,2,C57BL6/J,EEGAP
7871,32.37,2024-12-04,M,2,C57BL6/J,EEGAP
7872,17.91,2024-09-03,F,2,C57BL6/J,EEGAP
7872,17.38,2024-09-11,F,2,C57BL6/J,EEGAP
7872,18.16,2024-09-18,F,2,C57BL6/J,EEGAP
7872,17.67,2024-09-25,F,2,C57BL6/J,EEGAP
7872,18.14,2024-10-02,F,2,C57BL6/J,EEGAP
7872,18.75,2024-10-09,F,2,C57BL6/J,EEGAP
7872,19.14,2024-10-16,F,2,C57BL6/J,EEGAP
7872,18.5,2024-10-23,F,2,C57BL6/J,EEGAP
7872,18.46,2024-10-30,F,2,C57BL6/J,EEGAP
7872,18.43,2024-11-06,F,2,C57BL6/J,EEGAP
7872,19,2024-11-13,F,2,C57BL6/J,EEGAP
7872,19.19,2024-11-20,F,2,C57BL6/J,EEGAP
7872,19.21,2024-11-27,F,2,C57BL6/J,EEGAP
7872,19.11,2024-12-04,F,2,C57BL6/J,EEGAP
7873,18.6,2024-09-03,F,2,C57BL6/J,EEGAP
7873,18.47,2024-09-11,F,2,C57BL6/J,EEGAP
7873,18.76,2024-09-18,F,2,C57BL6/J,EEGAP
7873,19.74,2024-09-25,F,2,C57BL6/J,EEGAP
7873,20.06,2024-10-02,F,2,C57BL6/J,EEGAP
7873,19.88,2024-10-09,F,2,C57BL6/J,EEGAP
7873,20.57,2024-10-16,F,2,C57BL6/J,EEGAP
7873,18.86,2024-10-23,F,2,C57BL6/J,EEGAP
7873,20.9,2024-10-30,F,2,C57BL6/J,EEGAP
7873,21.8,2024-11-06,F,2,C57BL6/J,EEGAP
7873,22,2024-11-13,F,2,C57BL6/J,EEGAP
7873,10.46,2024-11-20,F,2,C57BL6/J,EEGAP
7873,21.8,2024-11-27,F,2,C57BL6/J,EEGAP
7873,22.16,2024-12-04,F,2,C57BL6/J,EEGAP
7874,18.45,2024-09-03,F,2,C57BL6/J,EEGAP
7874,17.58,2024-09-11,F,2,C57BL6/J,EEGAP
7874,17.82,2024-09-18,F,2,C57BL6/J,EEGAP
7874,18.28,2024-09-25,F,2,C57BL6/J,EEGAP
7874,19.07,2024-10-02,F,2,C57BL6/J,EEGAP
7874,20.17,2024-10-09,F,2,C57BL6/J,EEGAP
7874,20.74,2024-10-16,F,2,C57BL6/J,EEGAP
7874,20.27,2024-10-23,F,2,C57BL6/J,EEGAP
7874,20.3,2024-10-30,F,2,C57BL6/J,EEGAP
7874,19.97,2024-11-06,F,2,C57BL6/J,EEGAP
7874,20,2024-11-13,F,2,C57BL6/J,EEGAP
7874,20.53,2024-11-20,F,2,C57BL6/J,EEGAP
7874,20.72,2024-11-27,F,2,C57BL6/J,EEGAP
7874,21.18,2024-12-04,F,2,C57BL6/J,EEGAP
7875,18.8,2024-09-03,F,2,C57BL6/J,EEGAP
7875,18.03,2024-09-11,F,2,C57BL6/J,EEGAP
7875,18.75,2024-09-18,F,2,C57BL6/J,EEGAP
7875,19.01,2024-09-25,F,2,C57BL6/J,EEGAP
7875,19.06,2024-10-02,F,2,C57BL6/J,EEGAP
7875,19.43,2024-10-09,F,2,C57BL6/J,EEGAP
7875,21.16,2024-10-16,F,2,C57BL6/J,EEGAP
7875,20.64,2024-10-23,F,2,C57BL6/J,EEGAP
7875,20.84,2024-10-30,F,2,C57BL6/J,EEGAP
7875,20.85,2024-11-06,F,2,C57BL6/J,EEGAP
7875,21,2024-11-13,F,2,C57BL6/J,EEGAP
7875,21.06,2024-11-20,F,2,C57BL6/J,EEGAP
7875,21.2,2024-11-27,F,2,C57BL6/J,EEGAP
7875,22.2,2024-12-04,F,2,C57BL6/J,EEGAP
7876,18.32,2024-09-03,F,2,C57BL6/J,EEGAP
7876,17.28,2024-09-11,F,2,C57BL6/J,EEGAP
7876,17.3,2024-09-18,F,2,C57BL6/J,EEGAP
7876,17.82,2024-09-25,F,2,C57BL6/J,EEGAP
7876,18.88,2024-10-02,F,2,C57BL6/J,EEGAP
7876,18.83,2024-10-09,F,2,C57BL6/J,EEGAP
7876,18.97,2024-10-16,F,2,C57BL6/J,EEGAP
7876,19.6,2024-10-23,F,2,C57BL6/J,EEGAP
7876,19.46,2024-10-30,F,2,C57BL6/J,EEGAP
7876,19.13,2024-11-06,F,2,C57BL6/J,EEGAP
7876,20,2024-11-13,F,2,C57BL6/J,EEGAP
7876,20.3,2024-11-20,F,2,C57BL6/J,EEGAP
7876,20.2,2024-11-27,F,2,C57BL6/J,EEGAP
7876,19.92,2024-12-04,F,2,C57BL6/J,EEGAP
7877,19.19,2024-09-03,F,2,C57BL6/J,EEGAP
7877,18.3,2024-09-11,F,2,C57BL6/J,EEGAP
7877,19.65,2024-09-18,F,2,C57BL6/J,EEGAP
7877,19.47,2024-09-25,F,2,C57BL6/J,EEGAP
7877,20.16,2024-10-02,F,2,C57BL6/J,EEGAP
7877,20.86,2024-10-09,F,2,C57BL6/J,EEGAP
7877,21.58,2024-10-16,F,2,C57BL6/J,EEGAP
7877,21.96,2024-10-23,F,2,C57BL6/J,EEGAP
7877,21.58,2024-10-30,F,2,C57BL6/J,EEGAP
7877,21.76,2024-11-06,F,2,C57BL6/J,EEGAP
7877,21,2024-11-13,F,2,C57BL6/J,EEGAP
7877,21.83,2024-11-20,F,2,C57BL6/J,EEGAP
7877,22.42,2024-11-27,F,2,C57BL6/J,EEGAP
7877,23.05,2024-12-04,F,2,C57BL6/J,EEGAP
7878,17.78,2024-09-03,F,2,C57BL6/J,EEGAP
7878,18.26,2024-09-11,F,2,C57BL6/J,EEGAP
7878,18.23,2024-09-18,F,2,C57BL6/J,EEGAP
7878,18.55,2024-09-25,F,2,C57BL6/J,EEGAP
7878,19.15,2024-10-02,F,2,C57BL6/J,EEGAP
7878,20.2,2024-10-09,F,2,C57BL6/J,EEGAP
7878,19.45,2024-10-16,F,2,C57BL6/J,EEGAP
7878,19.51,2024-10-23,F,2,C57BL6/J,EEGAP
7878,19.79,2024-10-30,F,2,C57BL6/J,EEGAP
7878,19.7,2024-11-06,F,2,C57BL6/J,EEGAP
7878,20,2024-11-13,F,2,C57BL6/J,EEGAP
7878,20.54,2024-11-20,F,2,C57BL6/J,EEGAP
7878,20.36,2024-11-27,F,2,C57BL6/J,EEGAP
7878,20.93,2024-12-04,F,2,C57BL6/J,EEGAP
7879,18.55,2024-09-03,F,2,C57BL6/J,EEGAP
7879,17.05,2024-09-11,F,2,C57BL6/J,EEGAP
7879,18.3,2024-09-18,F,2,C57BL6/J,EEGAP
7879,19.26,2024-09-25,F,2,C57BL6/J,EEGAP
7879,19.72,2024-10-02,F,2,C57BL6/J,EEGAP
7879,20.4,2024-10-09,F,2,C57BL6/J,EEGAP
7879,19.82,2024-10-16,F,2,C57BL6/J,EEGAP
7879,20.06,2024-10-23,F,2,C57BL6/J,EEGAP
7879,20.03,2024-10-30,F,2,C57BL6/J,EEGAP
7879,20.4,2024-11-06,F,2,C57BL6/J,EEGAP
7879,21,2024-11-13,F,2,C57BL6/J,EEGAP
7879,20.88,2024-11-20,F,2,C57BL6/J,EEGAP
7879,21.21,2024-11-27,F,2,C57BL6/J,EEGAP
7879,21.74,2024-12-04,F,2,C57BL6/J,EEGAP
7880,17.57,2024-09-03,F,2,C57BL6/J,EEGAP
7880,17.52,2024-09-11,F,2,C57BL6/J,EEGAP
7880,17.55,2024-09-18,F,2,C57BL6/J,EEGAP
7880,17.44,2024-09-25,F,2,C57BL6/J,EEGAP
7880,17.67,2024-10-02,F,2,C57BL6/J,EEGAP
7880,18.39,2024-10-09,F,2,C57BL6/J,EEGAP
7880,18.6,2024-10-16,F,2,C57BL6/J,EEGAP
7880,18.5,2024-10-23,F,2,C57BL6/J,EEGAP
7880,18.75,2024-10-30,F,2,C57BL6/J,EEGAP
7880,19.49,2024-11-06,F,2,C57BL6/J,EEGAP
7880,19,2024-11-13,F,2,C57BL6/J,EEGAP
7880,18.92,2024-11-20,F,2,C57BL6/J,EEGAP
7880,19.72,2024-11-27,F,2,C57BL6/J,EEGAP
7880,19.19,2024-12-04,F,2,C57BL6/J,EEGAP
7881,18.88,2024-09-03,F,2,C57BL6/J,EEGAP
7881,17.82,2024-09-11,F,2,C57BL6/J,EEGAP
7881,17.82,2024-09-18,F,2,C57BL6/J,EEGAP
7881,17.99,2024-09-25,F,2,C57BL6/J,EEGAP
7881,18.48,2024-10-02,F,2,C57BL6/J,EEGAP
7881,19.45,2024-10-09,F,2,C57BL6/J,EEGAP
7881,18.94,2024-10-16,F,2,C57BL6/J,EEGAP
7881,19.57,2024-10-23,F,2,C57BL6/J,EEGAP
7881,19.41,2024-10-30,F,2,C57BL6/J,EEGAP
7881,19.62,2024-11-06,F,2,C57BL6/J,EEGAP
7881,20,2024-11-13,F,2,C57BL6/J,EEGAP
7881,20.51,2024-11-20,F,2,C57BL6/J,EEGAP
7881,19.93,2024-11-27,F,2,C57BL6/J,EEGAP
7881,20.71,2024-12-04,F,2,C57BL6/J,EEGAP
7882,17.44,2024-09-03,F,2,C57BL6/J,EEGAP
7882,18.43,2024-09-11,F,2,C57BL6/J,EEGAP
7882,18.05,2024-09-18,F,2,C57BL6/J,EEGAP
7882,17.6,2024-09-25,F,2,C57BL6/J,EEGAP
7882,17.35,2024-10-02,F,2,C57BL6/J,EEGAP
7882,17.74,2024-10-09,F,2,C57BL6/J,EEGAP
7882,18.71,2024-10-16,F,2,C57BL6/J,EEGAP
7882,18.5,2024-10-23,F,2,C57BL6/J,EEGAP
7882,19,2024-10-30,F,2,C57BL6/J,EEGAP
7882,18.86,2024-11-06,F,2,C57BL6/J,EEGAP
7882,20,2024-11-13,F,2,C57BL6/J,EEGAP
7882,19.66,2024-11-20,F,2,C57BL6/J,EEGAP
7882,19.53,2024-11-27,F,2,C57BL6/J,EEGAP
7882,19.78,2024-12-04,F,2,C57BL6/J,EEGAP
7883,18.36,2024-09-03,F,2,C57BL6/J,EEGAP
7883,17.32,2024-09-11,F,2,C57BL6/J,EEGAP
7883,18.03,2024-09-18,F,2,C57BL6/J,EEGAP
7883,18.14,2024-09-25,F,2,C57BL6/J,EEGAP
7883,17.8,2024-10-02,F,2,C57BL6/J,EEGAP
7883,17.97,2024-10-09,F,2,C57BL6/J,EEGAP
7883,17.95,2024-10-16,F,2,C57BL6/J,EEGAP
7883,18.63,2024-10-23,F,2,C57BL6/J,EEGAP
7883,18.93,2024-10-30,F,2,C57BL6/J,EEGAP
7883,19.19,2024-11-06,F,2,C57BL6/J,EEGAP
7883,19,2024-11-13,F,2,C57BL6/J,EEGAP
7883,18.74,2024-11-20,F,2,C57BL6/J,EEGAP
7883,19.05,2024-11-27,F,2,C57BL6/J,EEGAP
7883,18.96,2024-12-04,F,2,C57BL6/J,EEGAP
