MICE_ID_RAR_INDIVIDUAL,STRAIN,ID,RACK,LOCATION,ROOM,DATE_OF_BIRTH,SEX,DIET,FOOD_WEIGHT_START_G,FOOD_WEIGHT_END_G,BODY_WEIGHT_G,DATE,COMMENTS,NEW_FOOD_END_SESSION_G,IN_SABLE_RECORDING,DIET_FORMULA,LOT_FOOD,ANIMAL_VENDOR,STRAIN_CODE_VENDOR,BASAL_GLU_mg_dL,FASTED_GLU_mg_dL
,C57BL/6J,49,,,,,F,CHOW,,,21,10/28/22,,322.1,,2918_teklad_Irradiated_Global_18%_Protein_Rodent_Diet,,,,,
,C57BL/6J,50,,,,,F,CHOW,,,22.6,10/28/22,,299.29,,2918_teklad_Irradiated_Global_18%_Protein_Rodent_Diet,,,,,
,C57BL/6J,51,,,,,F,CHOW,,,20.8,10/28/22,,305.61,,2918_teklad_Irradiated_Global_18%_Protein_Rodent_Diet,,,,,
,C57BL/6J,52,,,,,F,CHOW,,,21.5,10/28/22,,337.3,,2918_teklad_Irradiated_Global_18%_Protein_Rodent_Diet,,,,,
,C57BL/6J,53,,,,,F,CHOW,,,22.5,10/28/22,,349.35,,2918_teklad_Irradiated_Global_18%_Protein_Rodent_Diet,,,,,
,C57BL/6J,54,,,,,F,CHOW,,,22.4,10/28/22,,317.83,,2918_teklad_Irradiated_Global_18%_Protein_Rodent_Diet,,,,,
,C57BL/6J,55,,,,,F,CHOW,,,22.8,10/28/22,,307.54,,2918_teklad_Irradiated_Global_18%_Protein_Rodent_Diet,,,,,
,C57BL/6J,56,,,,,F,CHOW,,,22,10/28/22,,331.89,,2918_teklad_Irradiated_Global_18%_Protein_Rodent_Diet,,,,,
,C57BL/6J,57,,,,,F,CHOW,,,20.5,10/28/22,,267.02,,2918_teklad_Irradiated_Global_18%_Protein_Rodent_Diet,,,,,
,C57BL/6J,58,,,,,F,CHOW,,,21.3,10/28/22,,284.35,,2918_teklad_Irradiated_Global_18%_Protein_Rodent_Diet,,,,,
,C57BL/6J,59,,,,,F,CHOW,,,21.3,10/28/22,,287.89,,2918_teklad_Irradiated_Global_18%_Protein_Rodent_Diet,,,,,
,C57BL/6J,60,,,,,F,CHOW,,,23,10/28/22,,258.62,,2918_teklad_Irradiated_Global_18%_Protein_Rodent_Diet,,,,,
,NZO/HlLtJ,61,,,,,F,CHOW,,,48.2,10/28/22,,353.74,,2918_teklad_Irradiated_Global_18%_Protein_Rodent_Diet,,,,,
,NZO/HlLtJ,62,,,,,F,CHOW,,,49.8,10/28/22,,335.36,,2918_teklad_Irradiated_Global_18%_Protein_Rodent_Diet,,,,,
,NZO/HlLtJ,63,,,,,F,CHOW,,,49.3,10/28/22,,310.57,,2918_teklad_Irradiated_Global_18%_Protein_Rodent_Diet,,,,,
,NZO/HlLtJ,64,,,,,F,CHOW,,,50.4,10/28/22,,343.17,,2918_teklad_Irradiated_Global_18%_Protein_Rodent_Diet,,,,,
,NZO/HlLtJ,65,,,,,F,CHOW,,,56.5,10/28/22,,303.8,,2918_teklad_Irradiated_Global_18%_Protein_Rodent_Diet,,,,,
,NZO/HlLtJ,66,,,,,F,CHOW,,,54.5,10/28/22,,347.74,,2918_teklad_Irradiated_Global_18%_Protein_Rodent_Diet,,,,,
,NZO/HlLtJ,67,,,,,F,CHOW,,,41.7,10/28/22,,321.44,,2918_teklad_Irradiated_Global_18%_Protein_Rodent_Diet,,,,,
,NZO/HlLtJ,68,,,,,F,CHOW,,,51.5,10/28/22,,305.33,,2918_teklad_Irradiated_Global_18%_Protein_Rodent_Diet,,,,,
,NZO/HlLtJ,69,,,,,F,CHOW,,,49.9,10/28/22,,312.91,,2918_teklad_Irradiated_Global_18%_Protein_Rodent_Diet,,,,,
,NZO/HlLtJ,70,,,,,F,CHOW,,,46.2,10/28/22,,312.34,,2918_teklad_Irradiated_Global_18%_Protein_Rodent_Diet,,,,,
,NZO/HlLtJ,71,,,,,F,CHOW,,,54.9,10/28/22,,252.59,,2918_teklad_Irradiated_Global_18%_Protein_Rodent_Diet,,,,,
,C57BL/6J,49,,,,,F,CHOW,322.1,303.05,,10/31/22,,,,2918_teklad_Irradiated_Global_18%_Protein_Rodent_Diet,,,,,
,C57BL/6J,50,,,,,F,CHOW,299.29,279.6,,10/31/22,,,,2918_teklad_Irradiated_Global_18%_Protein_Rodent_Diet,,,,,
,C57BL/6J,51,,,,,F,CHOW,305.61,272,,10/31/22,,,,2918_teklad_Irradiated_Global_18%_Protein_Rodent_Diet,,,,,
,C57BL/6J,52,,,,,F,CHOW,337.3,303.6,,10/31/22,,,,2918_teklad_Irradiated_Global_18%_Protein_Rodent_Diet,,,,,
,C57BL/6J,53,,,,,F,CHOW,349.35,330,,10/31/22,,,,2918_teklad_Irradiated_Global_18%_Protein_Rodent_Diet,,,,,
,C57BL/6J,54,,,,,F,CHOW,317.83,300.3,,10/31/22,,,,2918_teklad_Irradiated_Global_18%_Protein_Rodent_Diet,,,,,
,C57BL/6J,55,,,,,F,CHOW,307.54,270.4,,10/31/22,,,,2918_teklad_Irradiated_Global_18%_Protein_Rodent_Diet,,,,,
,C57BL/6J,56,,,,,F,CHOW,331.89,286.9,,10/31/22,,,,2918_teklad_Irradiated_Global_18%_Protein_Rodent_Diet,,,,,
,C57BL/6J,57,,,,,F,CHOW,267.02,248.4,,10/31/22,,,,2918_teklad_Irradiated_Global_18%_Protein_Rodent_Diet,,,,,
,C57BL/6J,58,,,,,F,CHOW,284.35,266.5,,10/31/22,,,,2918_teklad_Irradiated_Global_18%_Protein_Rodent_Diet,,,,,
,C57BL/6J,59,,,,,F,CHOW,287.89,269.4,,10/31/22,,,,2918_teklad_Irradiated_Global_18%_Protein_Rodent_Diet,,,,,
,C57BL/6J,60,,,,,F,CHOW,258.62,238.2,,10/31/22,,,,2918_teklad_Irradiated_Global_18%_Protein_Rodent_Diet,,,,,
,NZO/HlLtJ,61,,,,,F,CHOW,353.74,340.4,,10/31/22,,,,2918_teklad_Irradiated_Global_18%_Protein_Rodent_Diet,,,,,
,NZO/HlLtJ,62,,,,,F,CHOW,335.36,315.8,,10/31/22,,,,2918_teklad_Irradiated_Global_18%_Protein_Rodent_Diet,,,,,
,NZO/HlLtJ,63,,,,,F,CHOW,310.57,294.5,,10/31/22,,,,2918_teklad_Irradiated_Global_18%_Protein_Rodent_Diet,,,,,
,NZO/HlLtJ,64,,,,,F,CHOW,343.17,329.7,,10/31/22,,,,2918_teklad_Irradiated_Global_18%_Protein_Rodent_Diet,,,,,
,NZO/HlLtJ,65,,,,,F,CHOW,303.8,286.2,,10/31/22,,,,2918_teklad_Irradiated_Global_18%_Protein_Rodent_Diet,,,,,
,NZO/HlLtJ,66,,,,,F,CHOW,347.74,333,,10/31/22,,,,2918_teklad_Irradiated_Global_18%_Protein_Rodent_Diet,,,,,
,NZO/HlLtJ,67,,,,,F,CHOW,321.44,309.6,,10/31/22,,,,2918_teklad_Irradiated_Global_18%_Protein_Rodent_Diet,,,,,
,NZO/HlLtJ,68,,,,,F,CHOW,305.33,281.6,,10/31/22,,,,2918_teklad_Irradiated_Global_18%_Protein_Rodent_Diet,,,,,
,NZO/HlLtJ,69,,,,,F,CHOW,312.91,296.4,,10/31/22,,,,2918_teklad_Irradiated_Global_18%_Protein_Rodent_Diet,,,,,
,NZO/HlLtJ,70,,,,,F,CHOW,312.34,289.6,,10/31/22,,,,2918_teklad_Irradiated_Global_18%_Protein_Rodent_Diet,,,,,
,NZO/HlLtJ,71,,,,,F,CHOW,252.59,233.8,,10/31/22,,,,2918_teklad_Irradiated_Global_18%_Protein_Rodent_Diet,,,,,
,C57BL/6J,49,,,,,F,CHOW,303.05,286.1,21.8,11/4/22,,,,2918_teklad_Irradiated_Global_18%_Protein_Rodent_Diet,,,,,
,C57BL/6J,50,,,,,F,CHOW,279.6,248.51,21.8,11/4/22,,,,2918_teklad_Irradiated_Global_18%_Protein_Rodent_Diet,,,,,
,C57BL/6J,51,,,,,F,CHOW,272,242.59,21.3,11/4/22,,,,2918_teklad_Irradiated_Global_18%_Protein_Rodent_Diet,,,,,
,C57BL/6J,52,,,,,F,CHOW,303.6,284.86,20.8,11/4/22,,,,2918_teklad_Irradiated_Global_18%_Protein_Rodent_Diet,,,,,
,C57BL/6J,53,,,,,F,CHOW,330,303.26,22.6,11/4/22,,273.76,,2918_teklad_Irradiated_Global_18%_Protein_Rodent_Diet,,,,,
,C57BL/6J,54,,,,,F,CHOW,300.3,285.86,22.4,11/4/22,,,,2918_teklad_Irradiated_Global_18%_Protein_Rodent_Diet,,,,,
,C57BL/6J,55,,,,,F,CHOW,270.4,241.5,23,11/4/22,,,,2918_teklad_Irradiated_Global_18%_Protein_Rodent_Diet,,,,,
,C57BL/6J,56,,,,,F,CHOW,286.9,257.02,22.7,11/4/22,,,,2918_teklad_Irradiated_Global_18%_Protein_Rodent_Diet,,,,,
,C57BL/6J,57,,,,,F,CHOW,248.4,221.62,20.8,11/4/22,,,,2918_teklad_Irradiated_Global_18%_Protein_Rodent_Diet,,,,,
,C57BL/6J,58,,,,,F,CHOW,266.5,253.77,21.1,11/4/22,,,,2918_teklad_Irradiated_Global_18%_Protein_Rodent_Diet,,,,,
,C57BL/6J,59,,,,,F,CHOW,269.4,247.6,21.7,11/4/22,,,,2918_teklad_Irradiated_Global_18%_Protein_Rodent_Diet,,,,,
,C57BL/6J,60,,,,,F,CHOW,238.2,223.54,22.3,11/4/22,,,,2918_teklad_Irradiated_Global_18%_Protein_Rodent_Diet,,,,,
,NZO/HlLtJ,61,,,,,F,CHOW,340.4,331.6,50.4,11/4/22,,,,2918_teklad_Irradiated_Global_18%_Protein_Rodent_Diet,,,,,
,NZO/HlLtJ,62,,,,,F,CHOW,315.8,305.46,49.3,11/4/22,,,,2918_teklad_Irradiated_Global_18%_Protein_Rodent_Diet,,,,,
,NZO/HlLtJ,63,,,,,F,CHOW,294.5,281.69,48.4,11/4/22,,,,2918_teklad_Irradiated_Global_18%_Protein_Rodent_Diet,,,,,
,NZO/HlLtJ,64,,,,,F,CHOW,329.7,318.56,51.1,11/4/22,,,,2918_teklad_Irradiated_Global_18%_Protein_Rodent_Diet,,,,,
,NZO/HlLtJ,65,,,,,F,CHOW,286.2,272,56.8,11/4/22,,291.8,,2918_teklad_Irradiated_Global_18%_Protein_Rodent_Diet,,,,,
,NZO/HlLtJ,66,,,,,F,CHOW,333,311.43,58.4,11/4/22,,,,2918_teklad_Irradiated_Global_18%_Protein_Rodent_Diet,,,,,
,NZO/HlLtJ,67,,,,,F,CHOW,309.6,294.61,43.5,11/4/22,,,,2918_teklad_Irradiated_Global_18%_Protein_Rodent_Diet,,,,,
,NZO/HlLtJ,68,,,,,F,CHOW,281.6,261.3,53.1,11/4/22,,,,2918_teklad_Irradiated_Global_18%_Protein_Rodent_Diet,,,,,
,NZO/HlLtJ,69,,,,,F,CHOW,296.4,281.47,48.5,11/4/22,,,,2918_teklad_Irradiated_Global_18%_Protein_Rodent_Diet,,,,,
,NZO/HlLtJ,70,,,,,F,CHOW,289.6,270,45,11/4/22,,,,2918_teklad_Irradiated_Global_18%_Protein_Rodent_Diet,,,,,
,NZO/HlLtJ,71,,,,,F,CHOW,233.8,215.3,56.7,11/4/22,,,,2918_teklad_Irradiated_Global_18%_Protein_Rodent_Diet,,,,,
,C57BL/6J,49,,,,,F,CHOW,286.1,271.68,,11/7/22,,,,2918_teklad_Irradiated_Global_18%_Protein_Rodent_Diet,,,,,
,C57BL/6J,50,,,,,F,CHOW,248.51,231.41,,11/7/22,,,,2918_teklad_Irradiated_Global_18%_Protein_Rodent_Diet,,,,,
,C57BL/6J,51,,,,,F,CHOW,242.59,227.1,,11/7/22,,,,2918_teklad_Irradiated_Global_18%_Protein_Rodent_Diet,,,,,
,C57BL/6J,52,,,,,F,CHOW,284.86,274.51,,11/7/22,,,,2918_teklad_Irradiated_Global_18%_Protein_Rodent_Diet,,,,,
,C57BL/6J,53,,,,,F,CHOW,273.76,287.79,,11/7/22,,,,2918_teklad_Irradiated_Global_18%_Protein_Rodent_Diet,,,,,
,C57BL/6J,54,,,,,F,CHOW,285.86,273.76,,11/7/22,,,,2918_teklad_Irradiated_Global_18%_Protein_Rodent_Diet,,,,,
,C57BL/6J,55,,,,,F,CHOW,241.5,212.32,,11/7/22,,,,2918_teklad_Irradiated_Global_18%_Protein_Rodent_Diet,,,,,
,C57BL/6J,56,,,,,F,CHOW,257.02,238.22,,11/7/22,,,,2918_teklad_Irradiated_Global_18%_Protein_Rodent_Diet,,,,,
,C57BL/6J,57,,,,,F,CHOW,221.62,206.99,,11/7/22,,,,2918_teklad_Irradiated_Global_18%_Protein_Rodent_Diet,,,,,
,C57BL/6J,58,,,,,F,CHOW,253.77,241.1,,11/7/22,,,,2918_teklad_Irradiated_Global_18%_Protein_Rodent_Diet,,,,,
,C57BL/6J,59,,,,,F,CHOW,247.6,230.99,,11/7/22,,,,2918_teklad_Irradiated_Global_18%_Protein_Rodent_Diet,,,,,
,C57BL/6J,60,,,,,F,CHOW,223.54,212.58,,11/7/22,,,,2918_teklad_Irradiated_Global_18%_Protein_Rodent_Diet,,,,,
,NZO/HlLtJ,61,,,,,F,CHOW,331.6,318.78,,11/7/22,,,,2918_teklad_Irradiated_Global_18%_Protein_Rodent_Diet,,,,,
,NZO/HlLtJ,62,,,,,F,CHOW,305.46,289.7,,11/7/22,,,,2918_teklad_Irradiated_Global_18%_Protein_Rodent_Diet,,,,,
,NZO/HlLtJ,63,,,,,F,CHOW,281.69,264.3,,11/7/22,,,,2918_teklad_Irradiated_Global_18%_Protein_Rodent_Diet,,,,,
,NZO/HlLtJ,64,,,,,F,CHOW,318.56,310.1,,11/7/22,,,,2918_teklad_Irradiated_Global_18%_Protein_Rodent_Diet,,,,,
,NZO/HlLtJ,65,,,,,F,CHOW,291.8,260.13,,11/7/22,,,,2918_teklad_Irradiated_Global_18%_Protein_Rodent_Diet,,,,,
,NZO/HlLtJ,66,,,,,F,CHOW,311.43,291.8,,11/7/22,,,,2918_teklad_Irradiated_Global_18%_Protein_Rodent_Diet,,,,,
,NZO/HlLtJ,67,,,,,F,CHOW,294.61,279.72,,11/7/22,,,,2918_teklad_Irradiated_Global_18%_Protein_Rodent_Diet,,,,,
,NZO/HlLtJ,68,,,,,F,CHOW,261.3,244.07,,11/7/22,,,,2918_teklad_Irradiated_Global_18%_Protein_Rodent_Diet,,,,,
,NZO/HlLtJ,69,,,,,F,CHOW,281.47,263.86,,11/7/22,,,,2918_teklad_Irradiated_Global_18%_Protein_Rodent_Diet,,,,,
,NZO/HlLtJ,70,,,,,F,CHOW,270,252.7,,11/7/22,,,,2918_teklad_Irradiated_Global_18%_Protein_Rodent_Diet,,,,,
,NZO/HlLtJ,71,,,,,F,CHOW,215.3,194.97,,11/7/22,,,,2918_teklad_Irradiated_Global_18%_Protein_Rodent_Diet,,,,,
,C57BL/6J,49,,,,,F,CHOW,271.68,255.1,21.9,11/11/22,,,,2918_teklad_Irradiated_Global_18%_Protein_Rodent_Diet,,,,,
,C57BL/6J,50,,,,,F,CHOW,231.41,211.1,22,11/11/22,,,,2918_teklad_Irradiated_Global_18%_Protein_Rodent_Diet,,,,,
,C57BL/6J,51,,,,,F,CHOW,227.1,209.47,22.2,11/11/22,,,,2918_teklad_Irradiated_Global_18%_Protein_Rodent_Diet,,,,,
,C57BL/6J,52,,,,,F,CHOW,274.51,262.64,20.7,11/11/22,,,,2918_teklad_Irradiated_Global_18%_Protein_Rodent_Diet,,,,,
,C57BL/6J,53,,,,,F,CHOW,287.79,276.2,23.6,11/11/22,,,,2918_teklad_Irradiated_Global_18%_Protein_Rodent_Diet,,,,,
,C57BL/6J,54,,,,,F,CHOW,273.76,260.97,22.2,11/11/22,,,,2918_teklad_Irradiated_Global_18%_Protein_Rodent_Diet,,,,,
,C57BL/6J,55,,,,,F,CHOW,212.32,197.64,19.3,11/11/22,,,,2918_teklad_Irradiated_Global_18%_Protein_Rodent_Diet,,,,,
,C57BL/6J,56,,,,,F,CHOW,238.22,220.27,22.4,11/11/22,,,,2918_teklad_Irradiated_Global_18%_Protein_Rodent_Diet,,,,,
,C57BL/6J,57,,,,,F,CHOW,206.99,191.87,21.2,11/11/22,,,,2918_teklad_Irradiated_Global_18%_Protein_Rodent_Diet,,,,,
,C57BL/6J,58,,,,,F,CHOW,241.1,227.27,22,11/11/22,,,,2918_teklad_Irradiated_Global_18%_Protein_Rodent_Diet,,,,,
,C57BL/6J,59,,,,,F,CHOW,230.99,220.1,21.5,11/11/22,,,,2918_teklad_Irradiated_Global_18%_Protein_Rodent_Diet,,,,,
,C57BL/6J,60,,,,,F,CHOW,212.58,202.04,23,11/11/22,,,,2918_teklad_Irradiated_Global_18%_Protein_Rodent_Diet,,,,,
,NZO/HlLtJ,61,,,,,F,CHOW,318.78,300.97,51.4,11/11/22,,,,2918_teklad_Irradiated_Global_18%_Protein_Rodent_Diet,,,,,
,NZO/HlLtJ,62,,,,,F,CHOW,289.7,276.83,50.1,11/11/22,,,,2918_teklad_Irradiated_Global_18%_Protein_Rodent_Diet,,,,,
,NZO/HlLtJ,63,,,,,F,CHOW,264.3,245.37,50.3,11/11/22,,,,2918_teklad_Irradiated_Global_18%_Protein_Rodent_Diet,,,,,
,NZO/HlLtJ,64,,,,,F,CHOW,310.1,299.61,50.9,11/11/22,,,,2918_teklad_Irradiated_Global_18%_Protein_Rodent_Diet,,,,,
,NZO/HlLtJ,65,,,,,F,CHOW,260.13,244.11,57.2,11/11/22,,,,2918_teklad_Irradiated_Global_18%_Protein_Rodent_Diet,,,,,
,NZO/HlLtJ,66,,,,,F,CHOW,291.8,269.24,60.8,11/11/22,,,,2918_teklad_Irradiated_Global_18%_Protein_Rodent_Diet,,,,,
,NZO/HlLtJ,67,,,,,F,CHOW,279.72,262.09,44.4,11/11/22,,,,2918_teklad_Irradiated_Global_18%_Protein_Rodent_Diet,,,,,
,NZO/HlLtJ,68,,,,,F,CHOW,244.07,224.96,53.1,11/11/22,,,,2918_teklad_Irradiated_Global_18%_Protein_Rodent_Diet,,,,,
,NZO/HlLtJ,69,,,,,F,CHOW,263.86,245.75,50.6,11/11/22,,,,2918_teklad_Irradiated_Global_18%_Protein_Rodent_Diet,,,,,
,NZO/HlLtJ,70,,,,,F,CHOW,252.7,233.82,47.3,11/11/22,,,,2918_teklad_Irradiated_Global_18%_Protein_Rodent_Diet,,,,,
,NZO/HlLtJ,71,,,,,F,CHOW,194.97,174.97,58.2,11/11/22,,,,2918_teklad_Irradiated_Global_18%_Protein_Rodent_Diet,,,,,
,C57BL/6J,49,,,,,F,CHOW,255.1,242.18,,11/14/22,,,,2918_teklad_Irradiated_Global_18%_Protein_Rodent_Diet,,,,,
,C57BL/6J,50,,,,,F,CHOW,211.1,195.4,,11/14/22,,,,2918_teklad_Irradiated_Global_18%_Protein_Rodent_Diet,,,,,
,C57BL/6J,51,,,,,F,CHOW,209.47,199.89,,11/14/22,,,,2918_teklad_Irradiated_Global_18%_Protein_Rodent_Diet,,,,,
,C57BL/6J,52,,,,,F,CHOW,262.64,248.95,,11/14/22,,,,2918_teklad_Irradiated_Global_18%_Protein_Rodent_Diet,,,,,
,C57BL/6J,53,,,,,F,CHOW,276.2,263.14,,11/14/22,,,,2918_teklad_Irradiated_Global_18%_Protein_Rodent_Diet,,,,,
,C57BL/6J,54,,,,,F,CHOW,260.97,249.9,,11/14/22,,,,2918_teklad_Irradiated_Global_18%_Protein_Rodent_Diet,,,,,
,C57BL/6J,55,,,,,F,CHOW,197.64,172.21,,11/14/22,,,,2918_teklad_Irradiated_Global_18%_Protein_Rodent_Diet,,,,,
,C57BL/6J,56,,,,,F,CHOW,220.27,208,,11/14/22,,,,2918_teklad_Irradiated_Global_18%_Protein_Rodent_Diet,,,,,
,C57BL/6J,57,,,,,F,CHOW,191.87,180.38,,11/14/22,,,,2918_teklad_Irradiated_Global_18%_Protein_Rodent_Diet,,,,,
,C57BL/6J,58,,,,,F,CHOW,227.27,216.12,,11/14/22,,,,2918_teklad_Irradiated_Global_18%_Protein_Rodent_Diet,,,,,
,C57BL/6J,59,,,,,F,CHOW,220.1,210.7,,11/14/22,,,,2918_teklad_Irradiated_Global_18%_Protein_Rodent_Diet,,,,,
,C57BL/6J,60,,,,,F,CHOW,202.04,188.49,,11/14/22,,,,2918_teklad_Irradiated_Global_18%_Protein_Rodent_Diet,,,,,
,NZO/HlLtJ,61,,,,,F,CHOW,300.97,284.98,,11/14/22,,,,2918_teklad_Irradiated_Global_18%_Protein_Rodent_Diet,,,,,
,NZO/HlLtJ,62,,,,,F,CHOW,276.83,263.09,,11/14/22,,,,2918_teklad_Irradiated_Global_18%_Protein_Rodent_Diet,,,,,
,NZO/HlLtJ,63,,,,,F,CHOW,245.37,227.69,,11/14/22,,,,2918_teklad_Irradiated_Global_18%_Protein_Rodent_Diet,,,,,
,NZO/HlLtJ,64,,,,,F,CHOW,299.61,287.31,,11/14/22,,,,2918_teklad_Irradiated_Global_18%_Protein_Rodent_Diet,,,,,
,NZO/HlLtJ,65,,,,,F,CHOW,244.11,228.21,,11/14/22,,,,2918_teklad_Irradiated_Global_18%_Protein_Rodent_Diet,,,,,
,NZO/HlLtJ,66,,,,,F,CHOW,269.24,251.62,,11/14/22,,,,2918_teklad_Irradiated_Global_18%_Protein_Rodent_Diet,,,,,
,NZO/HlLtJ,67,,,,,F,CHOW,262.09,245.4,,11/14/22,,,,2918_teklad_Irradiated_Global_18%_Protein_Rodent_Diet,,,,,
,NZO/HlLtJ,68,,,,,F,CHOW,224.96,210.59,,11/14/22,,,,2918_teklad_Irradiated_Global_18%_Protein_Rodent_Diet,,,,,
,NZO/HlLtJ,69,,,,,F,CHOW,245.75,229.76,,11/14/22,,,,2918_teklad_Irradiated_Global_18%_Protein_Rodent_Diet,,,,,
,NZO/HlLtJ,70,,,,,F,CHOW,233.82,214.82,,11/14/22,,,,2918_teklad_Irradiated_Global_18%_Protein_Rodent_Diet,,,,,
,NZO/HlLtJ,71,,,,,F,CHOW,174.97,157.8,,11/14/22,,,,2918_teklad_Irradiated_Global_18%_Protein_Rodent_Diet,,,,,
,C57BL/6J,49,,,,,F,CHOW,242.18,219.61,22.8,11/18/22,,,,2918_teklad_Irradiated_Global_18%_Protein_Rodent_Diet,,,,,
,C57BL/6J,50,,,,,F,CHOW,195.4,177.89,22.4,11/18/22,,,,2918_teklad_Irradiated_Global_18%_Protein_Rodent_Diet,,,,,
,C57BL/6J,51,,,,,F,CHOW,199.89,174,22.3,11/18/22,,,,2918_teklad_Irradiated_Global_18%_Protein_Rodent_Diet,,,,,
,C57BL/6J,52,,,,,F,CHOW,248.95,225.73,21.1,11/18/22,,,,2918_teklad_Irradiated_Global_18%_Protein_Rodent_Diet,,,,,
,C57BL/6J,53,,,,,F,CHOW,263.14,231.14,23.5,11/18/22,,,,2918_teklad_Irradiated_Global_18%_Protein_Rodent_Diet,,,,,
,C57BL/6J,54,,,,,F,CHOW,249.9,232.44,23,11/18/22,,,,2918_teklad_Irradiated_Global_18%_Protein_Rodent_Diet,,,,,
,C57BL/6J,55,,,,,F,CHOW,172.21,137.01,23.3,11/18/22,,,,2918_teklad_Irradiated_Global_18%_Protein_Rodent_Diet,,,,,
,C57BL/6J,56,,,,,F,CHOW,208,192,23.3,11/18/22,,,,2918_teklad_Irradiated_Global_18%_Protein_Rodent_Diet,,,,,
,C57BL/6J,57,,,,,F,CHOW,180.38,159.11,21.6,11/18/22,,,,2918_teklad_Irradiated_Global_18%_Protein_Rodent_Diet,,,,,
,C57BL/6J,58,,,,,F,CHOW,216.12,196.11,21.8,11/18/22,,,,2918_teklad_Irradiated_Global_18%_Protein_Rodent_Diet,,,,,
,C57BL/6J,59,,,,,F,CHOW,210.7,192.15,21.9,11/18/22,,,,2918_teklad_Irradiated_Global_18%_Protein_Rodent_Diet,,,,,
,C57BL/6J,60,,,,,F,CHOW,188.49,172.82,22.5,11/18/22,,,,2918_teklad_Irradiated_Global_18%_Protein_Rodent_Diet,,,,,
,NZO/HlLtJ,61,,,,,F,CHOW,284.98,245.45,50.7,11/18/22,,,,2918_teklad_Irradiated_Global_18%_Protein_Rodent_Diet,,,,,
,NZO/HlLtJ,62,,,,,F,CHOW,263.09,232.46,50,11/18/22,,,,2918_teklad_Irradiated_Global_18%_Protein_Rodent_Diet,,,,,
,NZO/HlLtJ,63,,,,,F,CHOW,227.69,173.6,50.7,11/18/22,,,,2918_teklad_Irradiated_Global_18%_Protein_Rodent_Diet,,,,,
,NZO/HlLtJ,64,,,,,F,CHOW,287.31,251.39,49.1,11/18/22,,,,2918_teklad_Irradiated_Global_18%_Protein_Rodent_Diet,,,,,
,NZO/HlLtJ,65,,,,,F,CHOW,228.21,193.39,57.4,11/18/22,,,,2918_teklad_Irradiated_Global_18%_Protein_Rodent_Diet,,,,,
,NZO/HlLtJ,66,,,,,F,CHOW,251.62,214.4,61.9,11/18/22,,,,2918_teklad_Irradiated_Global_18%_Protein_Rodent_Diet,,,,,
,NZO/HlLtJ,67,,,,,F,CHOW,245.4,189.01,46.3,11/18/22,,,,2918_teklad_Irradiated_Global_18%_Protein_Rodent_Diet,,,,,
,NZO/HlLtJ,68,,,,,F,CHOW,210.59,175.49,51.8,11/18/22,,,,2918_teklad_Irradiated_Global_18%_Protein_Rodent_Diet,,,,,
,NZO/HlLtJ,69,,,,,F,CHOW,229.76,183.39,51.4,11/18/22,,,,2918_teklad_Irradiated_Global_18%_Protein_Rodent_Diet,,,,,
,NZO/HlLtJ,70,,,,,F,CHOW,214.82,192.6,48.1,11/18/22,,,,2918_teklad_Irradiated_Global_18%_Protein_Rodent_Diet,,,,,
,NZO/HlLtJ,71,,,,,F,CHOW,157.8,131.25,59.9,11/18/22,,,,2918_teklad_Irradiated_Global_18%_Protein_Rodent_Diet,,,,,
,C57BL/6J,49,,,,,F,CHOW,219.61,207.02,,11/21/22,,,,2918_teklad_Irradiated_Global_18%_Protein_Rodent_Diet,,,,,
,C57BL/6J,50,,,,,F,CHOW,177.89,164.01,,11/21/22,,,,2918_teklad_Irradiated_Global_18%_Protein_Rodent_Diet,,,,,
,C57BL/6J,51,,,,,F,CHOW,174,152.8,,11/21/22,,,,2918_teklad_Irradiated_Global_18%_Protein_Rodent_Diet,,,,,
,C57BL/6J,52,,,,,F,CHOW,225.73,211.41,,11/21/22,,,,2918_teklad_Irradiated_Global_18%_Protein_Rodent_Diet,,,,,
,C57BL/6J,53,,,,,F,CHOW,231.14,219.06,,11/21/22,,,,2918_teklad_Irradiated_Global_18%_Protein_Rodent_Diet,,,,,
,C57BL/6J,54,,,,,F,CHOW,232.44,220.95,,11/21/22,,,,2918_teklad_Irradiated_Global_18%_Protein_Rodent_Diet,,,,,
,C57BL/6J,55,,,,,F,CHOW,137.01,124.49,,11/21/22,,,,2918_teklad_Irradiated_Global_18%_Protein_Rodent_Diet,,,,,
,C57BL/6J,56,,,,,F,CHOW,192,182.11,,11/21/22,,,,2918_teklad_Irradiated_Global_18%_Protein_Rodent_Diet,,,,,
,C57BL/6J,57,,,,,F,CHOW,159.11,148.51,,11/21/22,,,,2918_teklad_Irradiated_Global_18%_Protein_Rodent_Diet,,,,,
,C57BL/6J,58,,,,,F,CHOW,196.11,186.05,,11/21/22,,,,2918_teklad_Irradiated_Global_18%_Protein_Rodent_Diet,,,,,
,C57BL/6J,59,,,,,F,CHOW,192.15,180.72,,11/21/22,,,,2918_teklad_Irradiated_Global_18%_Protein_Rodent_Diet,,,,,
,C57BL/6J,60,,,,,F,CHOW,172.82,161.76,,11/21/22,,,,2918_teklad_Irradiated_Global_18%_Protein_Rodent_Diet,,,,,
,NZO/HlLtJ,61,,,,,F,CHOW,245.45,231.3,,11/21/22,,,,2918_teklad_Irradiated_Global_18%_Protein_Rodent_Diet,,,,,
,NZO/HlLtJ,62,,,,,F,CHOW,232.46,218.61,,11/21/22,,,,2918_teklad_Irradiated_Global_18%_Protein_Rodent_Diet,,,,,
,NZO/HlLtJ,63,,,,,F,CHOW,173.6,160.74,,11/21/22,,,,2918_teklad_Irradiated_Global_18%_Protein_Rodent_Diet,,,,,
,NZO/HlLtJ,64,,,,,F,CHOW,251.39,236.68,,11/21/22,,,,2918_teklad_Irradiated_Global_18%_Protein_Rodent_Diet,,,,,
,NZO/HlLtJ,65,,,,,F,CHOW,193.39,177.07,,11/21/22,,,,2918_teklad_Irradiated_Global_18%_Protein_Rodent_Diet,,,,,
,NZO/HlLtJ,66,,,,,F,CHOW,214.4,197.4,,11/21/22,,,,2918_teklad_Irradiated_Global_18%_Protein_Rodent_Diet,,,,,
,NZO/HlLtJ,67,,,,,F,CHOW,189.01,173.6,,11/21/22,,,,2918_teklad_Irradiated_Global_18%_Protein_Rodent_Diet,,,,,
,NZO/HlLtJ,68,,,,,F,CHOW,175.49,159.7,,11/21/22,,,,2918_teklad_Irradiated_Global_18%_Protein_Rodent_Diet,,,,,
,NZO/HlLtJ,69,,,,,F,CHOW,183.39,167.73,,11/21/22,,,,2918_teklad_Irradiated_Global_18%_Protein_Rodent_Diet,,,,,
,NZO/HlLtJ,70,,,,,F,CHOW,192.6,177.62,,11/21/22,,,,2918_teklad_Irradiated_Global_18%_Protein_Rodent_Diet,,,,,
,NZO/HlLtJ,71,,,,,F,CHOW,131.25,112.5,,11/21/22,,,,2918_teklad_Irradiated_Global_18%_Protein_Rodent_Diet,,,,,
,C57BL/6J,49,,,,,F,CHOW,,,22.9,11/25/22,,,,2918_teklad_Irradiated_Global_18%_Protein_Rodent_Diet,,,,,
,C57BL/6J,50,,,,,F,CHOW,,,23.5,11/25/22,,,,2918_teklad_Irradiated_Global_18%_Protein_Rodent_Diet,,,,,
,C57BL/6J,51,,,,,F,CHOW,,,23,11/25/22,,,,2918_teklad_Irradiated_Global_18%_Protein_Rodent_Diet,,,,,
,C57BL/6J,52,,,,,F,CHOW,,,21.8,11/25/22,,,,2918_teklad_Irradiated_Global_18%_Protein_Rodent_Diet,,,,,
,C57BL/6J,53,,,,,F,CHOW,,,24.3,11/25/22,,,,2918_teklad_Irradiated_Global_18%_Protein_Rodent_Diet,,,,,
,C57BL/6J,54,,,,,F,CHOW,,,23.7,11/25/22,,,,2918_teklad_Irradiated_Global_18%_Protein_Rodent_Diet,,,,,
,C57BL/6J,55,,,,,F,CHOW,,,23.6,11/25/22,,,,2918_teklad_Irradiated_Global_18%_Protein_Rodent_Diet,,,,,
,C57BL/6J,56,,,,,F,CHOW,,,23,11/25/22,,,,2918_teklad_Irradiated_Global_18%_Protein_Rodent_Diet,,,,,
,C57BL/6J,57,,,,,F,CHOW,,,22.3,11/25/22,,,,2918_teklad_Irradiated_Global_18%_Protein_Rodent_Diet,,,,,
,C57BL/6J,58,,,,,F,CHOW,,,22.2,11/25/22,,,,2918_teklad_Irradiated_Global_18%_Protein_Rodent_Diet,,,,,
,C57BL/6J,59,,,,,F,CHOW,,,22.1,11/25/22,,,,2918_teklad_Irradiated_Global_18%_Protein_Rodent_Diet,,,,,
,C57BL/6J,60,,,,,F,CHOW,,,24.1,11/25/22,,,,2918_teklad_Irradiated_Global_18%_Protein_Rodent_Diet,,,,,
,NZO/HlLtJ,61,,,,,F,CHOW,,,50.4,11/25/22,,,,2918_teklad_Irradiated_Global_18%_Protein_Rodent_Diet,,,,,
,NZO/HlLtJ,62,,,,,F,CHOW,,,49.2,11/25/22,,,,2918_teklad_Irradiated_Global_18%_Protein_Rodent_Diet,,,,,
,NZO/HlLtJ,63,,,,,F,CHOW,,,50.3,11/25/22,,,,2918_teklad_Irradiated_Global_18%_Protein_Rodent_Diet,,,,,
,NZO/HlLtJ,64,,,,,F,CHOW,,,46.8,11/25/22,,,,2918_teklad_Irradiated_Global_18%_Protein_Rodent_Diet,,,,,
,NZO/HlLtJ,65,,,,,F,CHOW,,,57,11/25/22,,,,2918_teklad_Irradiated_Global_18%_Protein_Rodent_Diet,,,,,
,NZO/HlLtJ,66,,,,,F,CHOW,,,61.6,11/25/22,,,,2918_teklad_Irradiated_Global_18%_Protein_Rodent_Diet,,,,,
,NZO/HlLtJ,67,,,,,F,CHOW,,,47.1,11/25/22,,,,2918_teklad_Irradiated_Global_18%_Protein_Rodent_Diet,,,,,
,NZO/HlLtJ,68,,,,,F,CHOW,,,54.4,11/25/22,,,,2918_teklad_Irradiated_Global_18%_Protein_Rodent_Diet,,,,,
,NZO/HlLtJ,69,,,,,F,CHOW,,,49.4,11/25/22,,,,2918_teklad_Irradiated_Global_18%_Protein_Rodent_Diet,,,,,
,NZO/HlLtJ,70,,,,,F,CHOW,,,46.6,11/25/22,,,,2918_teklad_Irradiated_Global_18%_Protein_Rodent_Diet,,,,,
,NZO/HlLtJ,71,,,,,F,CHOW,,,57.3,11/25/22,,,,2918_teklad_Irradiated_Global_18%_Protein_Rodent_Diet,,,,,
,C57BL/6J,49,,,,,F,CHOW,207.02,181.31,,11/28/22,,,,2918_teklad_Irradiated_Global_18%_Protein_Rodent_Diet,,,,,
,C57BL/6J,50,,,,,F,CHOW,164.01,138.09,,11/28/22,,,,2918_teklad_Irradiated_Global_18%_Protein_Rodent_Diet,,,,,
,C57BL/6J,51,,,,,F,CHOW,152.8,132.02,,11/28/22,,,,2918_teklad_Irradiated_Global_18%_Protein_Rodent_Diet,,,,,
,C57BL/6J,52,,,,,F,CHOW,211.41,189.67,,11/28/22,,,,2918_teklad_Irradiated_Global_18%_Protein_Rodent_Diet,,,,,
,C57BL/6J,53,,,,,F,CHOW,219.06,192.45,,11/28/22,,,,2918_teklad_Irradiated_Global_18%_Protein_Rodent_Diet,,,,,
,C57BL/6J,54,,,,,F,CHOW,220.95,195.59,,11/28/22,,,,2918_teklad_Irradiated_Global_18%_Protein_Rodent_Diet,,,,,
,C57BL/6J,55,,,,,F,CHOW,124.49,94.46,,11/28/22,,,,2918_teklad_Irradiated_Global_18%_Protein_Rodent_Diet,,,,,
,C57BL/6J,56,,,,,F,CHOW,182.11,158.87,,11/28/22,,,,2918_teklad_Irradiated_Global_18%_Protein_Rodent_Diet,,,,,
,C57BL/6J,57,,,,,F,CHOW,148.51,122,,11/28/22,,,,2918_teklad_Irradiated_Global_18%_Protein_Rodent_Diet,,,,,
,C57BL/6J,58,,,,,F,CHOW,186.05,161.19,,11/28/22,,,,2918_teklad_Irradiated_Global_18%_Protein_Rodent_Diet,,,,,
,C57BL/6J,59,,,,,F,CHOW,180.72,154.68,,11/28/22,,,,2918_teklad_Irradiated_Global_18%_Protein_Rodent_Diet,,,,,
,C57BL/6J,60,,,,,F,CHOW,161.76,136.03,,11/28/22,,,,2918_teklad_Irradiated_Global_18%_Protein_Rodent_Diet,,,,,
,NZO/HlLtJ,61,,,,,F,CHOW,231.3,197.15,,11/28/22,,,,2918_teklad_Irradiated_Global_18%_Protein_Rodent_Diet,,,,,
,NZO/HlLtJ,62,,,,,F,CHOW,218.61,184.82,,11/28/22,,,,2918_teklad_Irradiated_Global_18%_Protein_Rodent_Diet,,,,,
,NZO/HlLtJ,63,,,,,F,CHOW,160.74,126.77,,11/28/22,,,,2918_teklad_Irradiated_Global_18%_Protein_Rodent_Diet,,,,,
,NZO/HlLtJ,64,,,,,F,CHOW,236.68,204.36,,11/28/22,,,,2918_teklad_Irradiated_Global_18%_Protein_Rodent_Diet,,,,,
,NZO/HlLtJ,65,,,,,F,CHOW,177.07,136.38,,11/28/22,,,,2918_teklad_Irradiated_Global_18%_Protein_Rodent_Diet,,,,,
,NZO/HlLtJ,66,,,,,F,CHOW,197.4,156.58,,11/28/22,,,,2918_teklad_Irradiated_Global_18%_Protein_Rodent_Diet,,,,,
,NZO/HlLtJ,67,,,,,F,CHOW,173.6,138.22,,11/28/22,,,,2918_teklad_Irradiated_Global_18%_Protein_Rodent_Diet,,,,,
,NZO/HlLtJ,68,,,,,F,CHOW,159.7,127.57,,11/28/22,,,,2918_teklad_Irradiated_Global_18%_Protein_Rodent_Diet,,,,,
,NZO/HlLtJ,69,,,,,F,CHOW,167.73,130.09,,11/28/22,,,,2918_teklad_Irradiated_Global_18%_Protein_Rodent_Diet,,,,,
,NZO/HlLtJ,70,,,,,F,CHOW,177.62,140.64,,11/28/22,,,,2918_teklad_Irradiated_Global_18%_Protein_Rodent_Diet,,,,,
,NZO/HlLtJ,71,,,,,F,CHOW,112.5,70.34,,11/28/22,,,,2918_teklad_Irradiated_Global_18%_Protein_Rodent_Diet,,,,,
,C57BL/6J,49,,,,,F,CHOW,,,22.9,12/2/22,,380.36,,2918_teklad_Irradiated_Global_18%_Protein_Rodent_Diet,,,,,
,C57BL/6J,50,,,,,F,CHOW,,,23.5,12/2/22,,378.95,,2918_teklad_Irradiated_Global_18%_Protein_Rodent_Diet,,,,,
,C57BL/6J,51,,,,,F,CHOW,,,23,12/2/22,,340.16,,2918_teklad_Irradiated_Global_18%_Protein_Rodent_Diet,,,,,
,C57BL/6J,52,,,,,F,CHOW,,,21.8,12/2/22,,378.4,,2918_teklad_Irradiated_Global_18%_Protein_Rodent_Diet,,,,,
,C57BL/6J,53,,,,,F,CHOW,,,24.3,12/2/22,,363.17,,2918_teklad_Irradiated_Global_18%_Protein_Rodent_Diet,,,,,
,C57BL/6J,54,,,,,F,CHOW,,,23.7,12/2/22,,376.3,,2918_teklad_Irradiated_Global_18%_Protein_Rodent_Diet,,,,,
,C57BL/6J,55,,,,,F,CHOW,,,23.6,12/2/22,,364.81,,2918_teklad_Irradiated_Global_18%_Protein_Rodent_Diet,,,,,
,C57BL/6J,56,,,,,F,CHOW,,,23,12/2/22,,384.25,,2918_teklad_Irradiated_Global_18%_Protein_Rodent_Diet,,,,,
,C57BL/6J,57,,,,,F,CHOW,,,22.3,12/2/22,,350.4,,2918_teklad_Irradiated_Global_18%_Protein_Rodent_Diet,,,,,
,C57BL/6J,58,,,,,F,CHOW,,,22.2,12/2/22,,374.45,,2918_teklad_Irradiated_Global_18%_Protein_Rodent_Diet,,,,,
,C57BL/6J,59,,,,,F,CHOW,,,22.1,12/2/22,,349.59,,2918_teklad_Irradiated_Global_18%_Protein_Rodent_Diet,,,,,
,C57BL/6J,60,,,,,F,CHOW,,,24.1,12/2/22,,347.34,,2918_teklad_Irradiated_Global_18%_Protein_Rodent_Diet,,,,,
,NZO/HlLtJ,61,,,,,F,CHOW,,,50.4,12/2/22,,368.24,,2918_teklad_Irradiated_Global_18%_Protein_Rodent_Diet,,,,,
,NZO/HlLtJ,62,,,,,F,CHOW,,,49.2,12/2/22,,375.02,,2918_teklad_Irradiated_Global_18%_Protein_Rodent_Diet,,,,,
,NZO/HlLtJ,63,,,,,F,CHOW,,,50.3,12/2/22,,355.36,,2918_teklad_Irradiated_Global_18%_Protein_Rodent_Diet,,,,,
,NZO/HlLtJ,64,,,,,F,CHOW,,,46.8,12/2/22,,383.68,,2918_teklad_Irradiated_Global_18%_Protein_Rodent_Diet,,,,,
,NZO/HlLtJ,65,,,,,F,CHOW,,,57,12/2/22,,362.17,,2918_teklad_Irradiated_Global_18%_Protein_Rodent_Diet,,,,,
,NZO/HlLtJ,66,,,,,F,CHOW,,,61.6,12/2/22,,336.63,,2918_teklad_Irradiated_Global_18%_Protein_Rodent_Diet,,,,,
,NZO/HlLtJ,67,,,,,F,CHOW,,,47.1,12/2/22,,335.24,,2918_teklad_Irradiated_Global_18%_Protein_Rodent_Diet,,,,,
,NZO/HlLtJ,68,,,,,F,CHOW,,,54.4,12/2/22,,394.9,,2918_teklad_Irradiated_Global_18%_Protein_Rodent_Diet,,,,,
,NZO/HlLtJ,69,,,,,F,CHOW,,,49.4,12/2/22,,370.7,,2918_teklad_Irradiated_Global_18%_Protein_Rodent_Diet,,,,,
,NZO/HlLtJ,70,,,,,F,CHOW,,,46.6,12/2/22,,355.2,,2918_teklad_Irradiated_Global_18%_Protein_Rodent_Diet,,,,,
,NZO/HlLtJ,71,,,,,F,CHOW,,,57.3,12/2/22,,349.14,,2918_teklad_Irradiated_Global_18%_Protein_Rodent_Diet,,,,,
,C57BL/6J,49,,,,,F,CHOW,380.36,354.66,22.8,12/7/22,,,,2918_teklad_Irradiated_Global_18%_Protein_Rodent_Diet,,,,,
,C57BL/6J,50,,,,,F,CHOW,378.95,360.15,22.4,12/7/22,,,,2918_teklad_Irradiated_Global_18%_Protein_Rodent_Diet,,,,,
,C57BL/6J,51,,,,,F,CHOW,340.16,313.07,22.5,12/7/22,,,,2918_teklad_Irradiated_Global_18%_Protein_Rodent_Diet,,,,,
,C57BL/6J,52,,,,,F,CHOW,378.4,359.28,21.2,12/7/22,,,,2918_teklad_Irradiated_Global_18%_Protein_Rodent_Diet,,,,,
,C57BL/6J,53,,,,,F,CHOW,363.17,325.25,24,12/7/22,,,,2918_teklad_Irradiated_Global_18%_Protein_Rodent_Diet,,,,,
,C57BL/6J,54,,,,,F,CHOW,376.3,357.75,23,12/7/22,,,,2918_teklad_Irradiated_Global_18%_Protein_Rodent_Diet,,,,,
,C57BL/6J,55,,,,,F,CHOW,364.81,320.69,23.4,12/7/22,,,,2918_teklad_Irradiated_Global_18%_Protein_Rodent_Diet,,,,,
,C57BL/6J,56,,,,,F,CHOW,384.25,370.6,23,12/7/22,,,,2918_teklad_Irradiated_Global_18%_Protein_Rodent_Diet,,,,,
,C57BL/6J,57,,,,,F,CHOW,350.4,330.56,21.4,12/7/22,,,,2918_teklad_Irradiated_Global_18%_Protein_Rodent_Diet,,,,,
,C57BL/6J,58,,,,,F,CHOW,374.45,357.92,21.2,12/7/22,,,,2918_teklad_Irradiated_Global_18%_Protein_Rodent_Diet,,,,,
,C57BL/6J,59,,,,,F,CHOW,349.59,326.3,21.7,12/7/22,,,,2918_teklad_Irradiated_Global_18%_Protein_Rodent_Diet,,,,,
,C57BL/6J,60,,,,,F,CHOW,347.34,325.02,23,12/7/22,,,,2918_teklad_Irradiated_Global_18%_Protein_Rodent_Diet,,,,,
,NZO/HlLtJ,61,,,,,F,CHOW,368.24,345.86,50.9,12/7/22,,,,2918_teklad_Irradiated_Global_18%_Protein_Rodent_Diet,,,,,
,NZO/HlLtJ,62,,,,,F,CHOW,375.02,349.52,50,12/7/22,,,,2918_teklad_Irradiated_Global_18%_Protein_Rodent_Diet,,,,,
,NZO/HlLtJ,63,,,,,F,CHOW,355.36,326.58,49.9,12/7/22,,,,2918_teklad_Irradiated_Global_18%_Protein_Rodent_Diet,,,,,
,NZO/HlLtJ,64,,,,,F,CHOW,383.68,360.01,47.8,12/7/22,,,,2918_teklad_Irradiated_Global_18%_Protein_Rodent_Diet,,,,,
,NZO/HlLtJ,65,,,,,F,CHOW,362.17,339.93,58.2,12/7/22,,,,2918_teklad_Irradiated_Global_18%_Protein_Rodent_Diet,,,,,
,NZO/HlLtJ,66,,,,,F,CHOW,336.63,333.72,62.7,12/7/22,,,,2918_teklad_Irradiated_Global_18%_Protein_Rodent_Diet,,,,,
,NZO/HlLtJ,67,,,,,F,CHOW,335.24,312.79,47,12/7/22,,,,2918_teklad_Irradiated_Global_18%_Protein_Rodent_Diet,,,,,
,NZO/HlLtJ,68,,,,,F,CHOW,394.9,365.8,53.4,12/7/22,,,,2918_teklad_Irradiated_Global_18%_Protein_Rodent_Diet,,,,,
,NZO/HlLtJ,69,,,,,F,CHOW,370.7,344.8,51.8,12/7/22,,,,2918_teklad_Irradiated_Global_18%_Protein_Rodent_Diet,,,,,
,NZO/HlLtJ,70,,,,,F,CHOW,355.2,329.86,47.3,12/7/22,,,,2918_teklad_Irradiated_Global_18%_Protein_Rodent_Diet,,,,,
,NZO/HlLtJ,71,,,,,F,CHOW,349.14,314.69,59.9,12/7/22,,,,2918_teklad_Irradiated_Global_18%_Protein_Rodent_Diet,,,,,