RecNumber,Label,Fat,Lean,FreeWater,TotalWater,TimeDateDura,Accumulation,Weight,Comments
1,1,5.64,28.9,0.14,20.95,"09:48:46 Apr 8, 2022; 84; Bartolomucci Lab",98.52272727,35.2,
2,2,3.27,28.26,0.17,20.16,"09:50:53 Apr 8, 2022; 76; Bartolomucci Lab",99.37304075,31.9,
3,3,6.79,30.11,0.2,21.25,"09:52:57 Apr 8, 2022; 84; Bartolomucci Lab",98.40848806,37.7,
4,4,3.61,28.83,0.31,21.28,"09:55:15 Apr 8, 2022; 83; Bartolomucci Lab",97.1810089,33.7,
5,5,4.55,28.87,0.13,20.16,"09:57:36 Apr 8, 2022; 76; Bartolomucci Lab",100.7507508,33.3,
6,6,2.5,27.84,0.11,19.64,"09:59:30 Apr 8, 2022; 76; Bartolomucci Lab",98.22580645,31,
7,7,1.45,20.03,0.07,14.24,"10:01:48 Apr 8, 2022; 84; Bartolomucci Lab",97.07207207,22.2,
8,8,1.2,21.64,0.07,16.49,"10:04:35 Apr 8, 2022; 83; Bartolomucci Lab",97.07627119,23.6,
9,9,1.48,20.64,0.1,15.35,"10:08:08 Apr 8, 2022; 76; Bartolomucci Lab",96.60869565,23,
10,10,1.83,20.1,0.1,14.76,"10:10:16 Apr 8, 2022; 91; Bartolomucci Lab",96.20087336,22.9,
11,11,1.8,20.5,0.07,15.14,"10:12:24 Apr 8, 2022; 83; Bartolomucci Lab",96.42241379,23.2,
12,12,3.48,21.91,0.07,15.82,"10:14:23 Apr 8, 2022; 83; Bartolomucci Lab",97.54789272,26.1,
13,13,10.8,34.28,1.3,24.73,"10:16:43 Apr 8, 2022; 83; Bartolomucci Lab",98.05496829,47.3,
14,14,9.49,36.93,0.63,26.26,"10:18:57 Apr 8, 2022; 83; Bartolomucci Lab",95.6300813,49.2,
15,15,-0.18,33.32,3.57,27.31,"10:21:08 Apr 8, 2022; 83; Bartolomucci Lab",96.09947644,38.2,
16,16,16.08,34.94,0.31,24.46,"10:23:13 Apr 8, 2022; 83; Bartolomucci Lab",97.21590909,52.8,
17,17,4.05,34.58,1.3,25.76,"10:25:22 Apr 8, 2022; 83; Bartolomucci Lab",96.21686747,41.5,
18,18,3.07,37.18,1.67,28.47,"10:27:30 Apr 8, 2022; 84; Bartolomucci Lab",94.6275395,44.3,
19,19,18.37,25.88,0.12,17.91,"10:29:46 Apr 8, 2022; 83; Bartolomucci Lab",97.51648352,45.5,
20,20,17.98,28.14,0.24,18.7,"10:32:03 Apr 8, 2022; 83; Bartolomucci Lab",98.63829787,47,
21,21,23.41,28.12,0.26,19.08,"10:34:11 Apr 8, 2022; 84; Bartolomucci Lab",99.21455939,52.2,
22,22,15.53,25.75,0.28,19.09,"10:36:12 Apr 8, 2022; 84; Bartolomucci Lab",98.01886792,42.4,
23,23,27.45,30.66,0.2,21.2,"10:38:11 Apr 8, 2022; 84; Bartolomucci Lab",98.66328257,59.1,
24,24,17.51,28.48,0.52,20.62,"10:40:16 Apr 8, 2022; 83; Bartolomucci Lab",97.09812109,47.9,